attack,back,forward,jump,left,right,sneak,sprint,use,drop,inventory,hotbar.1,hotbar.2,hotbar.3,hotbar.4,hotbar.5,hotbar.6,hotbar.7,hotbar.8,hotbar.9,ESC,camera1,camera2,startImage
0,0,1,0,0,0,0,0,0,0,0,0,0,0,0,0,0,0,0,0,0,0.0,0.0,0
0,0,0,0,0,0,0,0,0,0,0,0,0,0,0,0,0,0,0,0,0,-5.809483127522302,10.0,1
0,0,0,0,0,0,0,0,0,0,0,0,0,0,0,0,0,0,0,0,0,-3.2153691330919005,0.0,2
0,0,1,1,0,0,0,1,0,0,0,0,0,0,0,0,0,0,0,0,0,0.0,0.0,3
0,0,1,0,0,0,0,0,0,0,0,0,0,0,0,0,0,0,0,0,0,0.0,0.0,4
0,0,1,1,0,0,0,0,0,0,0,0,0,0,0,0,0,0,0,0,0,0.0,0.0,5
0,0,1,1,0,0,0,1,0,0,0,0,0,0,0,0,0,0,0,0,0,0.0,0.0,6
0,0,1,1,0,0,0,1,0,0,0,0,0,0,0,0,0,0,0,0,0,5.809483127522302,-5.809483127522302,7
0,0,1,0,0,0,0,0,0,0,0,0,0,0,0,0,0,0,0,0,0,3.2153691330919005,-10.0,8
0,0,1,1,0,0,0,1,0,0,0,0,0,0,0,0,0,0,0,0,0,0.6153942662021781,-10.0,9
0,0,1,0,0,0,0,1,0,0,0,0,0,0,0,0,0,0,0,0,0,0.0,-0.6153942662021781,10
0,0,1,0,0,1,0,0,0,0,0,0,0,0,0,0,0,0,0,0,0,0.0,0.0,11
0,0,1,0,0,0,0,0,0,0,0,0,0,0,0,0,0,1,0,0,0,0.0,0.0,12
0,0,1,0,0,0,0,1,0,0,0,0,0,0,0,1,0,0,0,0,0,0.0,0.0,13
0,0,1,0,0,0,0,0,0,0,0,1,0,0,0,0,0,0,0,0,0,0.0,0.0,14
0,0,0,0,0,1,0,1,0,0,0,0,0,0,0,0,0,0,0,0,0,0.0,0.0,15
0,0,1,0,0,0,0,1,0,0,0,0,0,0,0,0,0,0,0,0,0,-1.6094986352788734,0.0,16
0,0,1,0,0,1,0,1,0,0,0,0,0,0,0,0,0,0,0,0,0,-1.6094986352788734,0.0,17
0,0,0,1,0,0,0,0,1,0,0,0,0,0,0,0,0,0,0,0,0,0.0,0.0,18
0,0,0,0,0,0,0,0,0,0,0,0,0,0,0,0,0,0,0,0,0,0.0,-0.6153942662021781,19
0,0,1,0,0,1,0,1,0,0,0,0,0,0,0,0,0,0,0,0,0,0.0,-1.6094986352788734,20
0,0,1,0,0,1,0,1,0,0,0,0,0,0,0,0,0,0,0,0,0,0.6153942662021781,0.0,21
0,0,1,0,0,0,0,1,0,0,0,0,0,0,0,0,0,0,0,0,0,0.0,0.0,22
0,0,0,1,0,1,0,0,0,0,0,0,0,0,0,0,0,0,0,0,0,0.0,0.0,23
0,0,1,0,0,1,0,0,0,0,0,0,0,0,0,0,0,0,0,0,0,0.6153942662021781,0.0,24
0,0,1,0,0,1,0,1,0,0,0,0,0,0,0,0,0,0,0,0,0,0.6153942662021781,3.2153691330919005,25
0,0,1,0,0,1,0,1,0,0,0,0,0,0,0,0,0,0,0,0,0,1.6094986352788734,10.0,26
0,0,1,0,0,1,0,1,0,0,0,0,0,0,0,0,0,0,0,0,0,0.0,0.6153942662021781,27
0,0,1,0,0,0,0,1,0,0,0,0,0,0,0,0,0,0,0,0,0,0.0,0.0,28
0,0,1,0,0,1,0,1,0,0,0,0,0,0,0,0,0,0,0,0,0,0.0,0.0,29
0,0,1,0,0,0,0,1,0,0,0,0,0,0,0,0,0,0,0,0,0,-5.809483127522302,-5.809483127522302,30
0,0,1,0,0,1,0,1,0,0,0,0,0,0,0,0,0,0,0,0,0,-0.6153942662021781,-10.0,31
0,0,1,0,0,0,0,1,0,0,0,0,0,0,0,0,0,0,0,0,0,0.6153942662021781,-10.0,32
0,0,1,0,0,1,0,1,0,0,0,0,0,0,0,0,0,0,0,0,0,0.6153942662021781,-1.6094986352788734,33
0,0,1,0,0,0,0,1,0,0,0,0,0,0,0,0,0,0,0,0,0,0.0,0.0,34
0,0,1,0,0,1,0,1,0,0,0,0,0,0,0,0,0,0,0,0,0,0.0,0.0,35
0,0,1,0,0,1,0,1,0,0,0,0,0,0,0,0,0,0,0,0,0,-0.6153942662021781,-3.2153691330919005,36
0,0,1,0,0,1,0,1,0,0,0,0,0,0,0,0,0,0,0,0,0,0.0,-10.0,37
0,0,1,0,0,1,0,1,0,0,0,0,0,0,0,0,0,0,0,0,0,0.6153942662021781,-10.0,38
0,0,1,0,0,1,0,1,0,0,0,0,0,0,0,0,0,0,0,0,0,0.0,-5.809483127522302,39
0,0,1,0,0,1,0,1,0,0,0,0,0,0,0,0,0,0,0,0,0,0.0,-1.6094986352788734,40
0,0,1,0,0,1,0,1,0,0,0,0,0,0,0,0,0,0,0,0,0,1.6094986352788734,-10.0,41
0,0,1,0,0,1,0,1,0,0,0,0,0,0,0,0,0,0,0,0,0,-0.6153942662021781,-1.6094986352788734,42
0,0,1,0,0,1,0,1,0,0,0,0,0,0,0,0,0,0,0,0,0,0.0,0.0,43
0,0,1,0,0,1,0,1,0,0,0,0,0,0,0,0,0,0,0,0,0,0.6153942662021781,-3.2153691330919005,44
0,0,1,0,0,1,0,1,0,0,0,0,0,0,0,0,0,0,0,0,0,0.0,-0.6153942662021781,45
0,0,1,0,0,1,0,1,0,0,0,0,0,0,0,0,0,0,0,0,0,0.0,-5.809483127522302,46
0,0,1,0,0,1,0,1,0,0,0,0,0,0,0,0,0,0,0,0,0,0.0,-1.6094986352788734,47
0,0,1,0,0,1,0,1,0,0,0,0,0,0,0,0,0,0,0,0,0,0.0,0.0,48
0,0,1,0,0,1,0,1,0,0,0,0,0,0,0,0,0,0,0,0,0,0.6153942662021781,-10.0,49
0,0,1,0,0,1,0,0,0,0,0,0,0,0,0,0,0,0,0,0,0,0.6153942662021781,-5.809483127522302,50
0,0,1,0,0,1,0,0,0,0,0,0,0,0,0,0,0,0,0,0,0,0.0,-0.6153942662021781,51
0,0,0,0,0,0,0,0,0,0,0,0,0,0,0,0,0,0,0,0,0,0.0,-10.0,52
0,0,1,0,0,1,0,1,0,0,0,0,0,0,0,0,0,0,0,0,0,0.0,-0.6153942662021781,53
0,0,0,0,0,1,0,0,0,0,0,0,0,0,0,0,0,0,0,0,0,0.0,0.0,54
0,0,1,0,0,1,0,1,0,0,0,0,0,0,0,0,0,0,0,0,0,0.0,0.0,55
0,0,1,0,0,1,0,1,0,0,0,0,0,0,0,0,0,0,0,0,0,0.0,-5.809483127522302,56
0,0,1,0,0,1,0,1,0,0,0,0,0,0,0,0,0,0,0,0,0,-0.6153942662021781,-5.809483127522302,57
0,0,1,0,0,1,0,1,0,0,0,0,0,0,0,0,0,0,0,0,0,0.0,-3.2153691330919005,58
0,0,1,1,0,1,0,1,0,0,0,0,0,0,0,0,0,0,0,0,0,0.0,-10.0,59
0,0,1,0,0,1,0,1,0,0,0,0,0,0,0,0,0,0,0,0,0,0.0,-3.2153691330919005,60
0,0,1,1,0,1,0,1,0,0,0,0,0,0,0,0,0,0,0,0,0,0.0,0.0,61
0,0,1,1,0,0,0,0,0,0,0,0,0,0,0,0,0,0,0,0,0,0.0,0.0,62
0,0,1,1,0,0,0,0,0,0,0,0,0,0,0,0,0,0,0,0,0,0.0,-0.6153942662021781,63
0,0,1,0,0,1,0,0,0,0,0,0,0,0,0,0,0,0,0,0,0,0.0,0.0,64
0,0,0,0,0,1,0,1,0,0,0,0,0,0,0,0,0,0,0,0,0,0.0,0.0,65
0,0,1,0,0,0,0,0,0,0,0,0,0,0,0,0,0,0,0,0,0,0.0,0.0,66
0,0,1,0,0,0,0,0,0,0,0,0,0,0,0,0,0,0,0,0,0,0.0,0.0,67
0,0,0,1,0,0,0,0,0,0,0,0,0,0,0,0,0,0,0,0,0,0.0,0.0,68
0,0,1,0,0,1,0,0,0,0,0,0,0,0,0,0,0,0,0,0,0,0.0,0.0,69
0,0,1,1,0,0,0,0,0,0,0,0,0,0,0,0,0,0,0,0,0,1.6094986352788734,-1.6094986352788734,70
0,0,1,0,0,0,0,0,0,0,0,0,0,0,0,0,0,0,0,0,0,0.0,-3.2153691330919005,71
0,0,1,0,0,0,0,0,0,0,0,0,0,0,0,0,0,0,0,0,0,0.6153942662021781,-1.6094986352788734,72
0,0,1,0,0,0,0,0,0,0,0,0,0,0,0,0,0,0,0,0,0,1.6094986352788734,-1.6094986352788734,73
0,0,1,0,1,0,0,0,0,0,0,0,0,0,0,0,0,0,0,0,0,3.2153691330919005,1.6094986352788734,74
0,0,1,0,0,0,0,0,0,0,0,0,0,0,0,0,0,0,0,0,0,3.2153691330919005,5.809483127522302,75
0,0,1,0,0,0,0,1,0,0,0,0,0,0,0,0,0,0,0,0,0,1.6094986352788734,1.6094986352788734,76
0,0,1,0,0,0,0,0,0,0,0,0,0,0,0,0,0,0,0,0,0,0.6153942662021781,0.0,77
0,0,1,0,1,0,1,0,0,0,0,0,0,0,0,0,0,0,0,0,0,0.0,0.0,78
0,0,1,0,0,0,0,1,0,0,0,0,0,0,0,0,0,0,0,0,0,0.0,0.0,79
0,0,1,1,0,0,0,1,0,0,0,0,0,0,0,0,0,0,0,0,0,0.0,0.0,80
0,0,1,1,0,1,0,1,0,0,0,0,0,0,0,0,0,0,0,0,0,0.0,0.0,81
0,0,1,1,0,0,0,0,0,0,0,0,0,0,0,0,0,0,0,0,0,0.0,0.0,82
0,0,1,1,1,0,0,1,0,0,0,0,0,0,0,0,0,0,0,0,0,0.0,0.0,83
0,0,1,1,0,1,0,1,0,0,0,0,0,0,0,0,0,0,0,0,0,0.0,0.0,84
0,0,1,0,0,0,0,1,0,0,0,0,0,0,0,0,0,0,0,0,0,0.0,0.0,85
0,0,1,0,0,0,0,0,0,0,0,0,0,0,0,0,0,0,0,0,0,0.0,0.6153942662021781,86
0,0,1,0,0,1,0,1,0,0,0,0,0,0,0,0,0,0,0,0,0,0.0,0.0,87
0,0,1,1,0,0,0,1,0,0,0,0,0,0,0,0,0,0,0,0,0,0.0,0.0,88
0,0,1,0,0,1,0,0,0,0,0,0,0,0,0,0,0,0,0,0,0,0.0,0.0,89
0,0,1,1,0,0,0,1,0,0,0,0,0,0,0,0,0,0,0,0,0,0.0,-0.6153942662021781,90
0,0,1,0,0,1,0,1,0,0,0,0,0,0,0,0,0,0,0,0,0,0.0,0.0,91
0,0,1,1,0,0,0,1,0,0,0,0,0,0,0,0,0,0,0,0,0,0.0,0.0,92
0,0,1,1,0,0,0,1,0,0,0,0,0,0,0,0,0,0,0,0,0,0.0,-0.6153942662021781,93
0,0,1,0,0,0,0,1,0,0,0,0,0,0,0,0,0,0,0,0,0,0.0,0.0,94
0,0,1,1,0,0,0,1,0,0,0,0,0,0,0,0,0,0,0,0,0,0.0,0.0,95
0,0,1,0,0,0,0,1,0,0,0,0,0,0,0,0,0,0,0,0,0,0.0,0.0,96
0,0,1,0,1,0,0,1,0,0,0,0,0,0,0,0,0,0,0,0,0,0.0,0.0,97
0,0,1,0,0,1,0,1,0,0,0,0,0,0,0,0,0,0,0,0,0,0.0,-1.6094986352788734,98
0,0,1,1,0,0,0,1,0,0,0,0,0,0,0,0,0,0,0,0,0,0.6153942662021781,-10.0,99
0,0,1,0,0,0,0,1,0,0,0,0,0,0,0,0,0,0,0,0,0,0.6153942662021781,-5.809483127522302,100
0,0,1,0,0,0,0,1,0,0,0,0,0,0,0,0,0,0,0,0,0,0.0,-3.2153691330919005,101
0,0,1,0,0,1,0,1,0,0,0,0,0,0,0,0,0,0,0,0,0,0.6153942662021781,-5.809483127522302,102
0,0,1,0,0,0,0,1,0,0,0,0,0,0,0,0,0,0,0,0,0,0.6153942662021781,-1.6094986352788734,103
0,0,1,0,0,0,0,1,0,0,0,0,0,0,0,0,0,0,0,0,0,0.0,0.0,104
0,0,1,0,0,0,0,1,0,0,0,0,0,0,0,0,0,0,0,0,0,0.0,0.0,105
0,0,1,1,0,0,0,1,0,0,0,0,0,0,0,0,0,0,0,0,0,0.0,0.0,106
0,0,1,1,0,0,0,1,0,0,0,0,0,0,0,0,0,0,0,0,0,0.0,0.0,107
0,0,1,1,0,0,0,1,0,0,0,0,0,0,0,0,0,0,0,0,0,0.0,0.0,108
0,0,1,1,0,0,0,1,0,0,0,0,0,0,0,0,0,0,0,0,0,0.0,0.0,109
0,0,1,0,0,0,0,1,0,0,0,0,0,0,0,0,0,0,0,0,0,0.0,0.0,110
0,0,1,0,0,0,0,1,0,0,0,0,0,0,0,0,0,0,0,0,0,0.0,0.0,111
0,0,1,0,0,0,0,1,0,0,0,0,0,0,0,0,0,0,0,0,0,0.0,0.0,112
0,0,1,0,0,1,0,1,0,0,0,0,0,0,0,0,0,0,0,0,0,0.0,0.0,113
0,0,1,0,0,0,0,0,0,0,0,0,0,0,0,0,0,0,0,0,0,0.0,0.0,114
0,0,1,0,0,0,0,1,0,0,0,0,0,0,0,0,0,0,0,0,0,0.0,1.6094986352788734,115
0,0,1,0,0,0,0,1,0,0,0,0,0,0,0,0,0,0,0,0,0,0.0,0.0,116
0,0,1,0,0,0,0,1,0,0,0,0,0,0,0,0,0,0,0,0,0,0.0,0.0,117
0,0,1,0,0,0,0,1,0,0,0,0,0,0,0,0,0,0,0,0,0,0.0,10.0,118
0,0,1,0,0,0,0,1,0,0,0,0,0,0,0,0,0,0,0,0,0,0.0,10.0,119
0,0,1,0,0,0,0,1,0,0,0,0,0,0,0,0,0,0,0,0,0,1.6094986352788734,10.0,120
0,0,1,0,0,0,0,1,0,0,0,0,0,0,0,0,0,0,0,0,0,0.0,5.809483127522302,121
0,0,1,0,0,0,0,0,0,0,0,0,0,0,0,0,0,0,0,0,0,0.0,0.6153942662021781,122
0,0,1,0,0,0,0,1,0,0,0,0,0,0,0,0,0,0,0,0,0,0.0,0.6153942662021781,123
0,0,1,0,0,0,0,1,0,0,0,0,0,0,0,0,0,0,0,0,0,0.0,0.0,124
0,0,1,0,0,0,0,1,0,0,0,0,0,0,0,0,0,0,0,0,0,0.0,0.0,125
0,0,1,0,0,0,0,1,0,0,0,0,0,0,0,0,0,0,0,0,0,0.0,0.0,126
0,0,1,0,0,0,0,1,0,0,0,0,0,0,0,0,0,0,0,0,0,0.6153942662021781,-0.6153942662021781,127
0,0,1,0,0,0,0,1,0,0,0,0,0,0,0,0,0,0,0,0,0,0.0,0.0,128
0,0,1,0,0,0,0,1,0,0,0,0,0,0,0,0,0,0,0,0,0,0.0,0.0,129
0,0,1,0,0,1,0,1,0,0,0,0,0,0,0,0,0,0,0,0,0,0.0,-0.6153942662021781,130
0,0,1,0,0,0,0,0,0,0,0,0,0,0,0,0,0,0,0,0,0,0.0,-1.6094986352788734,131
0,0,1,0,0,0,0,1,0,0,0,0,0,0,0,0,0,0,0,0,0,0.0,0.0,132
0,0,1,0,0,0,0,1,0,0,0,0,0,0,0,0,0,0,0,0,0,-0.6153942662021781,-1.6094986352788734,133
0,0,1,0,0,0,0,0,0,0,0,0,0,0,0,0,0,0,0,0,0,0.0,-0.6153942662021781,134
0,0,1,0,1,0,0,1,0,0,0,0,0,0,0,0,0,0,0,0,0,-0.6153942662021781,-0.6153942662021781,135
0,0,1,1,0,0,0,1,0,0,0,0,0,0,0,0,0,0,0,0,0,0.0,-1.6094986352788734,136
0,0,1,0,0,0,0,0,0,0,0,0,0,0,0,0,0,0,0,0,0,1.6094986352788734,-1.6094986352788734,137
0,0,1,0,0,0,0,1,0,0,0,0,0,0,0,0,0,0,0,0,0,1.6094986352788734,3.2153691330919005,138
0,0,1,1,0,0,0,0,0,0,0,0,0,0,0,0,0,0,0,0,0,3.2153691330919005,0.6153942662021781,139
0,0,1,0,0,0,0,0,0,0,0,0,0,0,0,0,0,0,0,0,0,1.6094986352788734,3.2153691330919005,140
0,0,1,1,0,0,0,0,0,0,0,0,0,0,0,0,0,0,0,0,0,-0.6153942662021781,10.0,141
0,0,0,0,1,0,0,0,0,0,0,0,0,0,0,0,0,0,0,0,0,-10.0,10.0,142
0,0,1,0,0,0,0,0,0,0,0,0,0,0,0,0,0,0,0,0,0,-10.0,10.0,143
0,0,0,0,0,0,0,0,0,0,0,0,0,0,0,0,0,0,0,0,0,-3.2153691330919005,0.6153942662021781,144
0,0,1,1,0,0,0,1,0,0,0,0,0,0,0,0,0,0,0,0,0,0.0,0.0,145
1,0,0,0,0,0,0,0,0,0,0,0,0,0,0,0,0,0,0,0,0,0.0,0.0,146
0,0,1,1,0,0,0,0,0,0,0,0,0,0,0,0,0,0,0,0,0,0.0,0.0,147
0,0,1,1,0,0,0,1,0,0,0,0,0,0,0,0,0,0,0,0,0,0.0,0.0,148
0,0,1,1,0,0,0,1,0,0,0,0,0,0,0,0,0,0,0,0,0,5.809483127522302,3.2153691330919005,149
1,0,0,0,0,0,0,0,0,0,0,0,0,0,0,0,0,0,0,0,0,10.0,3.2153691330919005,150
1,0,0,0,0,0,0,0,0,0,0,0,0,0,0,0,0,0,0,0,0,10.0,0.6153942662021781,151
0,0,0,0,0,0,0,0,0,0,0,0,0,0,0,0,0,0,0,0,0,3.2153691330919005,0.0,152
0,1,0,0,0,0,0,0,0,0,0,0,0,0,0,0,0,0,0,0,0,3.2153691330919005,0.6153942662021781,153
0,0,1,0,0,1,0,1,0,0,0,0,0,0,0,0,0,0,0,0,0,0.0,0.0,154
0,1,0,0,0,0,0,0,0,0,0,0,0,0,0,0,0,0,0,0,0,0.6153942662021781,0.0,155
0,0,1,0,0,1,0,0,0,0,0,0,0,0,0,0,0,0,0,0,0,0.0,0.0,156
0,1,0,0,0,0,0,0,0,0,0,0,0,0,0,0,0,0,0,0,0,3.2153691330919005,0.0,157
0,0,1,0,0,1,0,1,0,0,0,0,0,0,0,0,0,0,0,0,0,3.2153691330919005,-0.6153942662021781,158
0,0,1,0,0,1,0,0,0,0,0,0,0,0,0,0,0,0,0,0,0,1.6094986352788734,-1.6094986352788734,159
0,0,1,0,0,1,0,1,0,0,0,0,0,0,0,0,0,0,0,0,0,0.6153942662021781,-10.0,160
0,0,0,0,0,1,0,1,0,0,0,0,0,0,0,0,0,0,0,0,0,0.6153942662021781,-3.2153691330919005,161
0,0,0,0,0,1,0,0,0,0,0,0,0,0,0,0,0,0,0,0,0,0.0,-3.2153691330919005,162
0,0,0,0,0,1,0,1,0,0,0,0,0,0,0,0,0,0,0,0,0,0.0,0.0,163
0,0,0,0,0,1,0,0,0,0,0,0,0,0,0,0,0,0,0,0,0,-1.6094986352788734,-3.2153691330919005,164
0,0,1,0,0,0,0,1,0,0,0,0,0,0,0,0,0,0,0,0,0,-5.809483127522302,-1.6094986352788734,165
0,0,0,0,0,1,0,0,0,0,0,0,0,0,0,0,0,0,0,0,0,-5.809483127522302,-0.6153942662021781,166
0,0,1,0,0,0,0,1,0,0,0,0,0,0,0,0,0,0,0,0,0,-1.6094986352788734,0.6153942662021781,167
0,0,1,0,0,1,0,1,0,0,0,0,0,0,0,0,0,0,0,0,0,0.0,0.0,168
0,0,1,0,0,0,0,0,0,0,0,0,0,0,0,0,0,0,0,0,0,0.0,0.0,169
0,0,1,0,0,1,0,1,0,0,0,0,0,0,0,0,0,0,0,0,0,0.0,0.0,170
0,0,0,0,0,0,0,0,0,0,0,0,0,0,0,0,0,0,0,0,0,-1.6094986352788734,-5.809483127522302,171
0,0,1,0,0,0,0,1,0,0,0,0,0,0,0,0,0,0,0,0,0,-0.6153942662021781,-5.809483127522302,172
0,0,0,0,0,0,0,0,0,0,0,0,0,0,0,0,0,0,0,0,0,0.0,-5.809483127522302,173
0,0,1,0,0,0,0,1,0,0,0,0,0,0,0,0,0,0,0,0,0,-0.6153942662021781,-5.809483127522302,174
0,0,1,0,0,1,0,0,0,0,0,0,0,0,0,0,0,0,0,0,0,0.0,-1.6094986352788734,175
0,0,1,0,0,0,0,1,0,0,0,0,0,0,0,0,0,0,0,0,0,0.0,0.0,176
0,0,0,0,0,1,0,1,0,0,0,0,0,0,0,0,0,0,0,0,0,0.0,0.0,177
0,0,1,0,0,0,0,1,0,0,0,0,0,0,0,0,0,0,0,0,0,0.0,0.0,178
0,1,0,0,0,0,0,0,0,0,0,0,0,0,0,0,0,0,0,0,0,10.0,10.0,179
1,0,0,0,0,0,0,0,0,0,0,0,0,0,0,0,0,0,0,0,0,5.809483127522302,10.0,180
0,1,0,0,0,0,0,1,0,0,0,0,0,0,0,0,0,0,0,0,0,3.2153691330919005,5.809483127522302,181
0,0,0,0,0,0,0,0,0,0,0,0,0,0,0,0,0,0,0,0,0,10.0,5.809483127522302,182
0,0,1,0,0,0,0,0,0,0,0,0,0,0,0,0,0,0,0,0,0,10.0,10.0,183
0,0,0,0,0,0,0,0,0,0,0,0,0,0,0,0,0,0,0,0,0,3.2153691330919005,1.6094986352788734,184
0,0,0,0,0,1,0,1,0,0,0,0,0,0,0,0,0,0,0,0,0,5.809483127522302,0.0,185
0,0,0,1,0,0,0,0,0,0,0,0,0,0,0,0,0,0,0,0,0,3.2153691330919005,0.6153942662021781,186
0,0,1,0,0,1,0,1,0,0,0,0,0,0,0,0,0,0,0,0,0,0.0,0.0,187
0,0,0,1,0,0,0,0,0,0,0,0,0,0,0,0,0,0,0,0,0,0.0,0.0,188
0,0,0,1,0,0,0,0,0,0,0,0,0,0,0,0,0,0,0,0,0,0.0,0.0,189
0,1,0,1,0,0,0,1,0,0,0,0,0,0,0,0,0,0,0,0,0,0.0,0.0,190
1,0,0,0,0,0,0,0,0,0,0,0,0,0,0,0,0,0,0,0,0,0.0,0.0,191
0,0,1,0,0,1,0,0,0,0,0,0,0,0,0,0,0,0,0,0,0,-3.2153691330919005,-0.6153942662021781,192
0,0,1,0,0,1,0,1,0,0,0,0,0,0,0,0,0,0,0,0,0,-10.0,-5.809483127522302,193
0,0,1,1,0,0,0,0,0,0,0,0,0,0,0,0,0,0,0,0,0,-10.0,-5.809483127522302,194
1,1,0,0,0,1,0,0,0,0,0,0,0,0,0,0,0,0,0,0,0,-5.809483127522302,-3.2153691330919005,195
1,0,1,0,0,0,0,0,0,0,0,0,0,0,0,0,0,0,0,0,0,-3.2153691330919005,-0.6153942662021781,196
0,0,0,0,0,0,0,0,0,0,0,0,0,0,0,0,0,0,0,0,0,-3.2153691330919005,-5.809483127522302,197
0,0,1,0,0,1,0,0,0,0,0,0,0,0,0,0,0,0,0,0,0,-3.2153691330919005,-5.809483127522302,198
0,0,1,0,0,1,0,1,0,0,0,0,0,0,0,0,0,0,0,0,0,-3.2153691330919005,-5.809483127522302,199
0,1,0,0,0,0,0,0,0,0,0,0,0,0,0,0,0,0,0,0,0,-3.2153691330919005,-5.809483127522302,200
0,1,0,0,0,0,0,0,0,0,0,0,0,0,0,0,0,0,0,0,0,-1.6094986352788734,-5.809483127522302,201
0,1,0,0,0,0,0,0,0,0,0,0,0,0,0,0,0,0,0,0,0,-1.6094986352788734,-5.809483127522302,202
0,1,0,0,0,0,0,0,0,0,0,0,0,0,0,0,0,0,0,0,0,-1.6094986352788734,-3.2153691330919005,203
0,0,0,0,0,0,0,0,0,0,0,0,0,0,0,0,0,0,0,0,0,0.0,-1.6094986352788734,204
0,1,0,0,0,0,0,1,0,0,0,0,0,0,0,0,0,0,0,0,0,0.0,0.0,205
0,0,0,0,0,0,0,0,0,0,0,0,0,0,0,0,0,0,0,0,0,3.2153691330919005,-0.6153942662021781,206
0,1,0,0,0,0,0,0,0,0,0,0,0,0,0,0,0,0,0,0,0,5.809483127522302,-0.6153942662021781,207
0,0,0,0,0,0,0,0,0,0,0,0,0,0,0,0,0,0,0,0,0,1.6094986352788734,0.6153942662021781,208
0,0,1,0,0,0,0,0,0,0,0,0,0,0,0,0,0,0,0,0,0,1.6094986352788734,0.6153942662021781,209
0,1,0,0,0,0,0,0,0,0,0,0,0,0,0,0,0,0,0,0,0,1.6094986352788734,0.0,210
0,0,1,0,0,0,0,0,0,0,0,0,0,0,0,0,0,0,0,0,0,0.0,0.0,211
0,1,0,0,0,0,0,0,0,0,0,0,0,0,0,0,0,0,0,0,0,0.0,0.0,212
0,0,1,0,0,0,0,0,0,0,0,0,0,0,0,0,0,0,0,0,0,-3.2153691330919005,-0.6153942662021781,213
0,1,0,0,0,0,0,1,0,0,0,0,0,0,0,0,0,0,0,0,0,-5.809483127522302,-3.2153691330919005,214
0,0,1,0,0,0,0,0,0,0,0,0,0,0,0,0,0,0,0,0,0,-3.2153691330919005,-1.6094986352788734,215
0,1,0,0,0,0,0,0,0,0,0,0,0,0,0,0,0,0,0,0,0,0.0,0.0,216
0,0,1,0,0,0,0,0,0,0,0,0,0,0,0,0,0,0,0,0,0,-0.6153942662021781,0.0,217
1,0,0,0,0,0,0,0,0,0,0,0,0,0,0,0,0,0,0,0,0,-3.2153691330919005,-0.6153942662021781,218
0,0,1,0,0,0,0,1,0,0,0,0,0,0,0,0,0,0,0,0,0,0.0,0.0,219
1,0,0,0,0,0,0,0,0,0,0,0,0,0,0,0,0,0,0,0,0,0.0,0.0,220
1,0,1,0,0,0,0,0,0,0,0,0,0,0,0,0,0,0,0,0,0,-3.2153691330919005,-0.6153942662021781,221
1,0,1,0,0,0,0,0,0,0,0,0,0,0,0,0,0,0,0,0,0,0.0,0.0,222
1,0,0,0,0,0,0,0,0,0,0,0,0,0,0,0,0,0,0,0,0,0.0,0.0,223
1,0,0,0,0,0,0,0,0,0,0,0,0,0,0,0,0,0,0,0,0,0.0,0.0,224
1,0,0,0,0,0,0,0,0,0,0,0,0,0,0,0,0,0,0,0,0,0.0,0.0,225
1,0,0,0,0,0,0,0,0,0,0,0,0,0,0,0,0,0,0,0,0,0.0,0.0,226
0,1,0,0,0,0,0,0,0,0,0,0,0,0,0,0,0,0,0,0,0,0.0,0.0,227
1,0,1,0,0,0,0,0,0,0,0,0,0,0,0,0,0,0,0,0,0,0.0,0.6153942662021781,228
0,1,0,0,0,0,0,0,0,0,0,0,0,0,0,0,0,0,0,0,0,0.0,0.0,229
1,0,0,0,0,0,0,0,0,0,0,0,0,0,0,0,0,0,0,0,0,0.0,0.0,230
1,0,0,0,0,0,0,0,0,0,0,0,0,0,0,0,0,0,0,0,0,0.0,0.0,231
1,0,0,0,0,0,0,0,0,0,0,0,0,0,0,0,0,0,0,0,0,0.6153942662021781,-0.6153942662021781,232
1,0,0,0,0,0,0,0,0,0,0,0,0,0,0,0,0,0,0,0,0,0.0,0.0,233
1,0,0,0,0,0,0,0,0,0,0,0,0,0,0,0,0,0,0,0,0,0.0,-0.6153942662021781,234
1,0,0,0,0,0,0,0,0,0,0,0,0,0,0,0,0,0,0,0,0,-0.6153942662021781,0.0,235
1,0,0,0,0,0,0,0,0,0,0,0,0,0,0,0,0,0,0,0,0,0.0,0.0,236
1,0,0,0,0,0,0,0,0,0,0,0,0,0,0,0,0,0,0,0,0,0.0,0.0,237
1,0,0,0,0,0,0,0,0,0,0,0,0,0,0,0,0,0,0,0,0,0.0,0.0,238
1,0,0,0,0,0,0,0,0,0,0,0,0,0,0,0,0,0,0,0,0,0.0,0.0,239
1,0,0,0,0,0,0,0,0,0,0,0,0,0,0,0,0,0,0,0,0,0.0,0.0,240
1,0,0,0,0,0,0,0,0,0,0,0,0,0,0,0,0,0,0,0,0,0.0,0.0,241
1,0,0,0,0,0,0,0,0,0,0,0,0,0,0,0,0,0,0,0,0,0.0,0.0,242
1,0,0,0,0,0,0,0,0,0,0,0,0,0,0,0,0,0,0,0,0,0.0,0.0,243
1,0,0,0,0,0,0,0,0,0,0,0,0,0,0,0,0,0,0,0,0,0.0,0.0,244
1,0,0,0,0,0,0,0,0,0,0,0,0,0,0,0,0,0,0,0,0,1.6094986352788734,-0.6153942662021781,245
0,0,0,0,0,0,0,0,0,0,0,0,0,0,0,0,0,0,0,0,0,3.2153691330919005,-0.6153942662021781,246
1,0,0,0,0,0,0,0,0,0,0,0,0,0,0,0,0,0,0,0,0,10.0,1.6094986352788734,247
0,0,0,0,0,0,0,0,0,0,0,0,0,0,0,0,0,0,0,0,0,10.0,1.6094986352788734,248
1,0,0,0,0,0,0,0,0,0,0,0,0,0,0,0,0,0,0,0,0,0.0,0.0,249
1,0,0,0,0,0,0,0,0,0,0,0,0,0,0,0,0,0,0,0,0,0.0,0.0,250
1,0,0,0,0,0,0,0,0,0,0,0,0,0,0,0,0,0,0,0,0,0.0,0.0,251
1,0,0,0,0,0,0,0,0,0,0,0,0,0,0,0,0,0,0,0,0,0.0,0.0,252
1,0,0,0,0,0,0,0,0,0,0,0,0,0,0,0,0,0,0,0,0,-0.6153942662021781,0.0,253
1,0,0,0,0,0,0,0,0,0,0,0,0,0,0,0,0,0,0,0,0,0.0,0.0,254
1,0,0,0,0,0,0,0,0,0,0,0,0,0,0,0,0,0,0,0,0,0.0,0.0,255
1,0,0,0,0,0,0,0,0,0,0,0,0,0,0,0,0,0,0,0,0,0.0,0.0,256
1,0,0,0,0,0,0,0,0,0,0,0,0,0,0,0,0,0,0,0,0,0.0,0.0,257
1,0,0,0,0,0,0,0,0,0,0,0,0,0,0,0,0,0,0,0,0,0.0,0.0,258
1,0,0,0,0,0,0,0,0,0,0,0,0,0,0,0,0,0,0,0,0,0.0,0.0,259
1,0,0,0,0,0,0,0,0,0,0,0,0,0,0,0,0,0,0,0,0,0.0,0.0,260
1,0,0,0,0,0,0,0,0,0,0,0,0,0,0,0,0,0,0,0,0,0.0,0.0,261
1,0,0,0,0,0,0,0,0,0,0,0,0,0,0,0,0,0,0,0,0,0.0,0.0,262
1,0,0,0,0,0,0,0,0,0,0,0,0,0,0,0,0,0,0,0,0,0.0,0.0,263
1,0,0,0,0,0,0,0,0,0,0,0,0,0,0,0,0,0,0,0,0,0.0,0.0,264
1,0,0,0,0,0,0,0,0,0,0,0,0,0,0,0,0,0,0,0,0,0.0,0.0,265
1,0,0,0,0,0,0,0,0,0,0,0,0,0,0,0,0,0,0,0,0,0.0,0.0,266
0,0,0,0,0,0,0,0,0,0,0,0,0,0,0,0,0,0,0,0,0,0.0,-0.6153942662021781,267
0,0,0,0,1,0,0,0,0,0,0,0,0,0,0,0,0,0,0,0,0,0.0,0.0,268
