attack,back,forward,jump,left,right,sneak,sprint,use,drop,inventory,ESC,camera1,camera2,startImage,hotbar
0,0,0,0,0,0,0,0,0,0,0,0,0.6153942662021781,0.0,0,1
0,0,0,0,0,0,0,0,0,0,0,0,3.2153691330919005,0.0,1,1
0,0,0,0,0,0,0,0,0,0,0,0,0.6153942662021781,0.0,2,1
0,0,0,0,0,0,0,0,0,0,0,0,-0.6153942662021781,0.0,3,1
0,0,0,0,0,0,0,0,0,0,0,0,-0.6153942662021781,0.0,4,1
0,0,0,0,0,0,0,0,0,0,0,0,-10.0,-3.2153691330919005,5,1
0,0,0,0,0,0,0,0,0,0,1,0,-5.809483127522302,-0.6153942662021781,6,1
0,0,0,0,0,0,0,0,0,0,1,0,10.0,10.0,7,1
0,0,0,0,0,0,0,0,0,0,1,0,-3.2153691330919005,-0.6153942662021781,8,1
0,0,0,0,0,0,0,0,0,0,0,0,1.6094986352788734,0.0,9,1
0,0,0,0,0,0,0,0,0,0,0,0,-5.809483127522302,-1.6094986352788734,10,1
0,0,0,0,0,0,0,0,0,0,0,0,-5.809483127522302,-1.6094986352788734,11,1
0,0,0,0,0,0,0,0,0,0,0,0,-1.6094986352788734,0.0,12,1
0,0,0,0,0,0,0,0,0,0,0,0,-1.6094986352788734,-1.6094986352788734,13,1
1,0,0,0,0,0,0,0,0,0,0,0,0.0,-0.6153942662021781,14,1
0,0,0,0,0,0,0,0,0,0,0,0,-0.6153942662021781,0.0,15,1
0,0,0,0,0,0,0,0,0,0,0,0,-0.6153942662021781,-0.6153942662021781,16,1
1,0,0,0,0,0,0,0,0,0,0,0,0.0,0.0,17,1
1,0,0,0,0,0,0,0,0,0,0,0,0.0,0.0,18,1
0,0,0,0,0,0,0,0,1,0,0,0,0.0,0.0,19,1
0,0,0,0,0,0,0,0,0,0,0,0,1.6094986352788734,-0.6153942662021781,20,1
0,0,0,0,0,0,0,0,0,0,0,0,3.2153691330919005,1.6094986352788734,21,1
0,0,0,0,0,0,0,0,0,0,0,0,0.6153942662021781,0.0,22,1
1,0,0,0,0,0,0,0,0,0,0,0,-1.6094986352788734,0.0,23,1
0,0,0,0,0,0,0,0,0,0,0,0,-5.809483127522302,0.6153942662021781,24,1
1,0,0,0,0,0,0,0,0,0,0,0,0.0,0.0,25,1
0,0,0,0,0,0,0,0,0,0,0,0,-1.6094986352788734,0.0,26,1
0,0,0,0,0,0,0,0,1,0,0,0,-1.6094986352788734,0.0,27,1
0,0,0,0,0,0,0,0,0,0,0,0,0.6153942662021781,0.0,28,1
0,0,0,0,0,0,0,0,0,0,0,0,1.6094986352788734,-1.6094986352788734,29,1
0,0,0,0,0,0,0,0,1,0,0,0,0.0,0.0,30,1
0,0,0,0,0,0,0,0,1,0,0,0,0.0,0.0,31,1
0,0,0,0,0,0,0,0,1,0,0,0,0.0,0.0,32,1
0,0,0,0,0,0,0,0,0,0,0,0,0.6153942662021781,0.0,33,1
0,0,0,0,0,0,0,0,0,0,0,0,5.809483127522302,0.0,34,1
0,0,0,0,0,0,0,0,0,0,0,0,0.6153942662021781,0.0,35,1
0,0,0,0,0,0,0,0,0,0,0,0,3.2153691330919005,0.6153942662021781,36,1
0,0,0,0,0,0,0,0,0,0,0,0,0.6153942662021781,0.0,37,1
0,0,0,0,0,0,0,0,0,0,0,0,-5.809483127522302,1.6094986352788734,38,1
0,0,0,0,0,0,0,0,0,0,0,0,-3.2153691330919005,0.0,39,1
0,0,0,0,0,0,0,0,0,0,0,0,-3.2153691330919005,0.0,40,1
0,0,0,0,0,0,0,0,0,0,0,0,-1.6094986352788734,0.0,41,1
0,0,0,0,0,0,0,0,0,0,0,0,0.6153942662021781,0.0,42,1
0,0,0,0,0,0,0,0,0,0,0,0,1.6094986352788734,0.0,43,1
0,0,0,0,0,0,0,0,1,0,0,0,3.2153691330919005,0.6153942662021781,44,1
0,0,0,0,0,0,0,0,0,0,0,0,1.6094986352788734,0.6153942662021781,45,1
0,0,0,0,0,0,0,0,0,0,0,0,-1.6094986352788734,-0.6153942662021781,46,1
0,0,0,0,0,0,0,0,0,0,0,0,0.0,-1.6094986352788734,47,1
0,0,0,0,0,0,0,0,0,0,0,0,-0.6153942662021781,-0.6153942662021781,48,1
0,0,0,0,0,0,0,0,0,0,0,0,-0.6153942662021781,0.0,49,1
0,0,0,0,0,0,0,0,0,0,0,0,0.0,-0.6153942662021781,50,1
0,0,0,0,0,0,0,0,0,0,0,0,0.6153942662021781,0.0,51,1
0,0,0,0,0,0,0,0,1,0,0,0,0.6153942662021781,0.0,52,1
0,0,0,0,0,0,0,0,1,0,0,0,0.6153942662021781,0.0,53,1
0,0,0,0,0,0,0,0,0,0,0,0,0.6153942662021781,0.0,54,1
0,0,0,0,0,0,0,0,0,0,0,0,-0.6153942662021781,0.6153942662021781,55,1
0,0,0,0,0,0,0,0,0,0,0,0,-3.2153691330919005,-1.6094986352788734,56,1
0,0,0,0,0,0,0,0,0,0,0,0,-3.2153691330919005,0.0,57,1
1,0,0,0,0,0,0,0,0,0,0,0,-1.6094986352788734,0.0,58,1
0,0,0,0,0,0,0,0,0,0,0,0,-0.6153942662021781,0.0,59,1
0,0,0,0,0,0,0,0,0,0,0,0,-0.6153942662021781,0.0,60,1
0,0,0,0,0,0,0,0,0,0,0,0,-0.6153942662021781,0.0,61,1
0,0,0,0,0,0,0,0,0,0,0,0,-0.6153942662021781,0.0,62,1
0,0,0,0,0,0,0,0,0,0,0,0,-0.6153942662021781,0.0,63,1
1,0,0,0,0,0,0,0,0,0,0,0,0.0,0.0,64,1
1,0,0,0,0,0,0,0,0,0,0,0,0.0,0.0,65,1
1,0,0,0,0,0,0,0,0,0,0,0,0.0,0.0,66,1
0,0,0,0,0,0,0,0,0,0,0,0,-1.6094986352788734,-0.6153942662021781,67,1
1,0,0,0,0,0,0,0,0,0,0,0,-0.6153942662021781,0.0,68,1
0,0,0,0,0,0,0,0,0,0,0,0,-0.6153942662021781,0.0,69,1
0,0,0,0,0,0,0,0,0,0,0,0,-0.6153942662021781,0.0,70,1
1,0,0,0,0,0,0,0,0,0,0,0,0.0,0.0,71,1
1,0,0,0,0,0,0,0,0,0,0,0,0.0,0.0,72,1
1,0,0,0,0,0,0,0,0,0,0,0,0.0,0.0,73,1
0,0,0,0,0,0,0,0,0,0,0,0,3.2153691330919005,0.0,74,1
0,0,0,0,0,0,0,0,0,0,0,0,5.809483127522302,0.0,75,1
1,0,0,0,0,0,0,0,0,0,0,0,3.2153691330919005,0.0,76,1
0,0,0,0,0,0,0,0,0,0,0,0,3.2153691330919005,0.0,77,1
0,0,0,0,0,0,0,0,0,0,0,0,3.2153691330919005,0.0,78,1
0,0,0,0,0,0,0,0,0,0,0,0,1.6094986352788734,0.0,79,1
0,0,0,0,0,0,0,0,0,0,0,0,0.6153942662021781,0.0,80,1
0,0,0,0,0,0,0,0,0,0,0,0,1.6094986352788734,0.6153942662021781,81,1
1,0,0,0,0,0,0,0,0,0,0,0,0.6153942662021781,0.6153942662021781,82,1
0,0,0,0,0,0,0,0,0,0,0,0,0.6153942662021781,0.6153942662021781,83,1
0,0,0,0,0,0,0,0,0,0,0,0,0.6153942662021781,0.6153942662021781,84,1
0,0,0,0,0,0,0,0,0,0,0,0,-0.6153942662021781,0.6153942662021781,85,1
0,0,0,0,0,0,0,0,0,0,0,0,-1.6094986352788734,0.0,86,1
0,0,0,0,0,0,0,0,0,0,0,0,-3.2153691330919005,0.0,87,1
0,0,0,0,0,0,0,0,0,0,0,0,-3.2153691330919005,-0.6153942662021781,88,1
0,0,0,0,0,0,0,0,0,0,0,0,-3.2153691330919005,-0.6153942662021781,89,1
0,0,0,0,0,0,0,0,0,0,0,0,-1.6094986352788734,0.0,90,1
0,0,0,0,0,0,0,0,0,0,0,0,-0.6153942662021781,0.0,91,1
0,0,0,0,0,0,0,0,0,0,0,0,-3.2153691330919005,0.0,92,1
0,0,0,0,0,0,0,0,0,0,0,0,-0.6153942662021781,0.0,93,1
0,0,0,0,0,0,0,0,0,0,0,0,0.6153942662021781,0.0,94,1
0,0,0,0,0,0,0,0,0,0,0,0,3.2153691330919005,-0.6153942662021781,95,1
0,0,0,0,0,0,0,0,0,0,0,0,5.809483127522302,0.0,96,1
0,0,0,0,0,0,0,0,0,0,0,0,1.6094986352788734,0.0,97,1
0,0,0,0,0,0,0,0,0,0,0,0,3.2153691330919005,0.0,98,1
0,0,0,0,0,0,0,0,0,0,0,0,0.6153942662021781,0.0,99,1
0,0,0,0,0,0,0,0,0,0,0,0,0.6153942662021781,0.0,100,1
0,0,0,0,0,0,0,0,0,0,0,0,0.6153942662021781,0.0,101,1
0,0,0,0,0,0,0,0,0,0,0,0,0.6153942662021781,0.0,102,1
0,0,0,0,0,0,0,0,0,0,0,0,0.6153942662021781,0.0,103,1
0,0,0,0,0,0,0,0,0,0,0,0,-5.809483127522302,0.0,104,1
0,0,0,0,0,0,0,0,0,0,0,0,-1.6094986352788734,0.0,105,1
0,0,0,0,0,0,0,0,0,0,0,0,-1.6094986352788734,0.0,106,1
0,0,0,0,0,0,0,0,0,0,0,0,-1.6094986352788734,0.0,107,1
0,0,0,0,0,0,0,0,0,0,0,0,-3.2153691330919005,0.0,108,1
1,0,0,0,0,0,0,0,0,0,0,0,5.809483127522302,0.0,109,1
0,0,0,0,0,0,0,0,0,0,0,0,1.6094986352788734,0.0,110,1
0,0,0,0,0,0,0,0,0,0,0,0,-0.6153942662021781,0.0,111,1
0,0,0,0,0,0,0,0,0,0,0,0,5.809483127522302,0.6153942662021781,112,1
0,0,0,0,0,0,0,0,0,0,0,0,1.6094986352788734,0.0,113,1
0,0,0,0,0,0,0,0,0,0,0,0,1.6094986352788734,0.0,114,1
0,0,0,0,0,0,0,0,0,0,0,0,1.6094986352788734,0.0,115,1
0,0,0,0,0,0,0,0,0,0,0,0,0.6153942662021781,0.0,116,1
0,0,0,0,0,0,0,0,0,0,0,0,1.6094986352788734,0.0,117,1
0,0,0,0,0,0,0,0,0,0,0,0,1.6094986352788734,0.0,118,1
0,0,0,0,0,0,0,0,0,0,0,0,0.6153942662021781,0.0,119,1
0,0,0,0,0,0,0,0,0,0,0,0,0.6153942662021781,0.0,120,1
0,0,0,0,0,0,0,0,0,0,0,0,1.6094986352788734,0.0,121,1
0,0,0,0,0,0,0,0,0,0,0,0,0.6153942662021781,0.0,122,1
0,0,0,0,0,0,0,0,0,0,0,0,0.6153942662021781,0.0,123,1
0,0,0,0,0,0,0,0,0,0,0,0,1.6094986352788734,0.0,124,1
0,0,0,0,0,0,0,0,0,0,0,0,0.6153942662021781,0.0,125,1
0,0,0,0,0,0,0,0,0,0,0,0,1.6094986352788734,0.0,126,1
0,0,0,0,0,0,0,0,0,0,0,0,0.6153942662021781,0.0,127,1
0,0,0,0,0,0,0,0,0,0,0,0,0.6153942662021781,0.0,128,1
0,0,0,0,0,0,0,0,0,0,0,0,1.6094986352788734,0.0,129,1
0,0,0,0,0,0,0,0,0,0,0,0,1.6094986352788734,0.0,130,1
0,0,0,0,0,0,0,0,0,0,0,0,1.6094986352788734,0.0,131,1
0,0,0,0,0,0,0,0,0,0,0,0,1.6094986352788734,0.0,132,1
0,0,0,0,0,0,0,0,0,0,0,0,0.6153942662021781,0.6153942662021781,133,1
0,0,0,0,0,0,0,0,0,0,0,0,0.6153942662021781,0.0,134,1
0,0,0,0,0,0,0,0,0,0,0,0,0.6153942662021781,0.6153942662021781,135,1
0,0,0,0,0,0,0,0,0,0,0,0,-0.6153942662021781,0.0,136,1
0,0,0,0,0,0,0,0,0,0,0,0,-0.6153942662021781,0.0,137,1
0,0,0,0,0,0,0,0,0,0,0,0,0.0,0.6153942662021781,138,1
0,0,0,0,0,0,0,0,0,0,0,0,0.0,0.6153942662021781,139,1
0,0,0,0,0,0,0,0,0,0,0,0,0.6153942662021781,1.6094986352788734,140,1
0,0,0,0,0,0,0,0,0,0,0,0,-0.6153942662021781,1.6094986352788734,141,1
0,0,0,0,0,0,0,0,0,0,0,0,-0.6153942662021781,0.0,142,1
0,0,0,0,0,0,0,0,0,0,0,0,-1.6094986352788734,0.0,143,1
0,0,0,0,0,0,0,0,0,0,0,0,-0.6153942662021781,0.0,144,1
0,0,0,0,0,0,0,0,0,0,0,0,-1.6094986352788734,-0.6153942662021781,145,1
0,0,0,0,0,0,0,0,0,0,0,0,-5.809483127522302,-3.2153691330919005,146,1
0,0,0,0,0,0,0,0,0,0,0,0,-0.6153942662021781,0.0,147,1
0,0,0,0,0,0,1,0,0,0,0,0,0.0,0.0,148,1
1,0,0,0,0,0,0,0,0,0,0,0,0.0,0.0,149,1
0,0,0,0,0,0,0,0,0,0,0,0,0.6153942662021781,0.0,150,1
0,0,0,0,0,0,0,0,0,0,0,0,0.6153942662021781,0.0,151,1
0,0,0,0,0,0,0,0,0,0,0,0,1.6094986352788734,0.6153942662021781,152,1
0,0,0,0,0,0,0,0,0,0,0,0,0.6153942662021781,0.6153942662021781,153,1
0,0,0,0,0,0,1,0,0,0,0,0,-1.6094986352788734,0.0,154,1
0,0,0,0,0,0,0,0,0,0,0,0,-1.6094986352788734,0.0,155,1
0,0,0,0,0,0,0,0,0,0,0,0,-5.809483127522302,-0.6153942662021781,156,1
0,0,0,0,0,0,0,0,0,0,0,0,-5.809483127522302,-1.6094986352788734,157,1
0,0,0,0,0,0,0,0,0,0,0,0,-5.809483127522302,-1.6094986352788734,158,1
0,0,0,0,0,0,0,0,0,0,0,0,-3.2153691330919005,-1.6094986352788734,159,1
0,0,0,0,0,0,0,0,0,0,0,0,-5.809483127522302,-3.2153691330919005,160,1
0,0,0,0,0,0,0,0,0,0,0,0,-1.6094986352788734,-0.6153942662021781,161,1
0,0,0,0,0,0,0,0,0,0,0,0,-1.6094986352788734,-1.6094986352788734,162,1
0,0,0,0,0,0,0,0,0,0,0,0,-3.2153691330919005,-1.6094986352788734,163,1
0,0,0,0,0,0,0,0,0,0,0,0,-1.6094986352788734,0.6153942662021781,164,1
0,0,0,0,0,0,0,0,0,0,0,0,-1.6094986352788734,0.0,165,1
0,0,0,0,0,0,0,0,0,0,0,0,-1.6094986352788734,0.0,166,1
1,0,0,0,0,0,0,0,0,0,0,0,0.0,0.0,167,1
1,0,0,0,0,0,0,0,0,0,0,0,0.0,0.0,168,1
1,0,0,0,0,0,0,0,0,0,0,0,0.0,0.0,169,1
1,0,0,0,0,0,0,0,0,0,0,0,0.0,0.0,170,1
1,0,0,0,0,0,0,0,0,0,0,0,0.0,0.0,171,1
0,0,0,0,0,0,0,0,0,0,0,0,-0.6153942662021781,0.0,172,1
0,0,0,0,0,0,0,0,0,0,0,0,1.6094986352788734,0.0,173,1
0,0,0,0,0,0,0,0,0,0,0,0,0.6153942662021781,0.0,174,1
0,0,0,0,0,0,0,0,0,0,0,0,0.6153942662021781,0.0,175,1
1,0,0,0,0,0,0,0,0,0,0,0,0.6153942662021781,0.0,176,1
0,0,0,0,0,0,0,0,0,0,0,0,0.6153942662021781,0.0,177,1
0,0,0,0,0,0,0,0,0,0,0,0,0.6153942662021781,0.0,178,1
0,0,0,0,0,0,0,0,0,0,0,0,0.6153942662021781,0.0,179,1
1,0,0,0,0,0,0,0,0,0,0,0,0.6153942662021781,0.0,180,1
1,0,0,0,0,0,0,0,0,0,0,0,0.6153942662021781,0.6153942662021781,181,1
1,0,0,0,0,0,0,0,0,0,0,0,0.0,0.0,182,1
1,0,0,0,0,0,0,0,0,0,0,0,0.0,0.0,183,1
1,0,0,0,0,0,0,0,0,0,0,0,0.0,0.0,184,1
1,0,0,0,0,0,0,0,0,0,0,0,0.0,0.0,185,1
1,0,0,0,0,0,0,0,0,0,0,0,0.0,0.0,186,1
1,0,0,0,0,0,0,0,0,0,0,0,0.0,0.0,187,1
0,0,0,0,0,0,1,0,0,0,0,0,0.0,0.0,188,1
1,0,0,0,0,0,0,0,0,0,0,0,0.0,0.0,189,1
1,0,1,0,0,0,0,0,0,0,0,0,0.0,0.0,190,1
1,0,0,0,0,0,0,0,0,0,0,0,0.0,0.0,191,1
0,0,0,0,0,0,1,0,0,0,0,0,0.0,0.0,192,1
1,0,0,0,0,0,0,0,0,0,0,0,0.0,0.0,193,1
0,0,0,0,0,0,0,0,0,0,0,0,1.6094986352788734,0.0,194,1
1,0,0,0,0,0,0,0,0,0,0,0,1.6094986352788734,0.0,195,1
1,0,0,0,0,0,0,0,0,0,0,0,3.2153691330919005,0.0,196,1
1,0,0,0,0,0,0,0,0,0,0,0,3.2153691330919005,0.0,197,1
1,0,0,0,0,0,0,0,0,0,0,0,0.0,0.0,198,1
0,0,0,0,0,0,0,0,0,0,0,0,1.6094986352788734,0.0,199,1
1,0,0,0,0,0,0,0,0,0,0,0,1.6094986352788734,0.0,200,1
0,0,0,0,0,0,1,0,0,0,0,0,0.0,0.0,201,1
1,0,0,0,0,0,0,0,0,0,0,0,0.0,0.0,202,1
1,0,0,0,0,0,0,0,0,0,0,0,0.0,0.0,203,1
0,0,0,0,0,0,1,0,0,0,0,0,0.0,0.0,204,1
0,0,0,0,0,0,1,0,0,0,0,0,0.6153942662021781,0.0,205,1
1,0,0,0,0,0,0,0,0,0,0,0,0.0,0.0,206,1
0,0,0,0,0,0,1,0,0,0,0,0,-0.6153942662021781,0.0,207,1
0,0,0,0,0,0,0,0,0,0,0,0,-0.6153942662021781,0.0,208,1
0,0,0,0,0,0,0,0,0,0,0,0,-0.6153942662021781,0.6153942662021781,209,1
1,0,0,0,0,0,0,0,0,0,0,0,0.0,0.0,210,1
0,0,0,0,0,0,0,0,0,0,0,0,-3.2153691330919005,0.0,211,1
1,0,0,0,0,0,0,0,0,0,0,0,0.0,0.0,212,1
0,0,0,0,0,0,1,0,0,0,0,0,0.0,0.0,213,1
0,0,0,0,0,0,0,0,0,0,0,0,-0.6153942662021781,0.6153942662021781,214,1
0,0,0,0,0,0,0,0,0,0,0,0,0.0,-0.6153942662021781,215,1
1,0,0,0,0,0,0,0,0,0,0,0,0.0,0.0,216,1
1,0,0,0,0,0,0,0,0,0,0,0,0.0,0.0,217,1
1,0,0,0,0,0,0,0,0,0,0,0,0.0,0.0,218,1
0,0,0,0,0,0,1,0,0,0,0,0,0.0,0.0,219,1
0,0,0,0,0,0,1,0,0,0,0,0,0.0,0.0,220,1
0,0,0,0,0,0,1,0,0,0,0,0,0.0,0.0,221,1
0,0,0,0,0,0,1,0,0,0,0,0,0.0,0.0,222,1
1,0,0,0,0,0,0,0,0,0,0,0,0.0,0.0,223,1
0,0,0,0,0,0,1,0,0,0,0,0,0.0,0.0,224,1
0,0,0,0,0,0,1,0,0,0,0,0,0.0,0.0,225,1
0,0,0,0,0,0,1,0,0,0,0,0,0.0,0.0,226,1
0,0,0,0,0,0,1,0,0,0,0,0,0.0,0.0,227,1
1,0,0,0,0,0,0,0,0,0,0,0,0.0,0.0,228,1
0,0,0,0,0,0,1,0,0,0,0,0,0.0,0.0,229,1
0,0,0,0,0,0,1,0,0,0,0,0,0.0,0.0,230,1
0,0,0,0,0,0,1,0,0,0,0,0,0.0,0.0,231,1
0,0,0,0,0,0,1,0,0,0,0,0,0.0,0.0,232,1
0,0,0,0,0,0,1,0,0,0,0,0,0.0,0.0,233,1
0,0,0,0,0,0,1,0,0,0,0,0,0.0,0.0,234,1
0,0,0,0,0,0,1,0,0,0,0,0,0.0,0.0,235,1
0,0,0,0,0,0,1,0,0,0,0,0,0.0,0.0,236,1
0,0,0,0,0,0,1,0,0,0,0,0,0.0,0.0,237,1
0,0,0,0,0,0,1,0,0,0,0,0,0.0,0.0,238,1
0,0,0,0,0,0,1,0,0,0,0,0,0.0,0.0,239,1
0,0,0,0,0,0,1,0,0,0,0,0,0.0,0.0,240,1
1,0,0,0,0,0,0,0,0,0,0,0,0.0,0.0,241,1
0,0,0,0,0,0,1,0,0,0,0,0,0.0,-0.6153942662021781,242,1
0,0,0,0,0,0,1,0,0,0,0,0,3.2153691330919005,-0.6153942662021781,243,1
0,0,0,0,0,0,1,0,0,0,0,0,-0.6153942662021781,0.0,244,1
0,0,0,0,0,0,0,0,0,0,0,0,0.6153942662021781,-1.6094986352788734,245,1
0,0,0,0,0,0,0,0,0,0,0,0,0.6153942662021781,0.0,246,1
1,0,0,0,0,0,0,0,0,0,0,0,0.0,0.0,247,1
0,0,0,0,0,0,1,0,0,0,0,0,0.0,0.0,248,1
1,0,0,0,0,0,0,0,0,0,0,0,0.0,0.0,249,1
0,0,0,0,0,0,1,0,0,0,0,0,0.0,0.0,250,1
0,0,0,0,0,0,1,0,0,0,0,0,0.0,0.0,251,1
0,0,0,0,0,0,1,0,0,0,0,0,0.0,0.0,252,1
0,0,0,0,0,0,1,0,0,0,0,0,0.0,0.0,253,1
0,0,0,0,0,0,1,0,0,0,0,0,0.0,0.0,254,1
1,0,0,0,0,0,0,0,0,0,0,0,0.0,0.0,255,1
0,0,0,0,0,0,1,0,0,0,0,0,0.0,0.0,256,1
0,0,0,0,0,0,0,0,0,0,0,0,0.0,0.6153942662021781,257,1
0,0,0,0,0,0,1,0,0,0,0,0,0.0,0.0,258,1
0,0,0,0,0,0,1,0,0,0,0,0,0.0,0.0,259,1
0,0,0,0,0,0,1,0,0,0,0,0,0.0,0.0,260,1
0,0,0,0,0,0,1,0,0,0,0,0,0.0,0.0,261,1
0,0,0,0,0,0,1,0,0,0,0,0,0.0,0.0,262,1
0,0,0,0,0,0,1,0,0,0,0,0,0.0,0.0,263,1
1,0,0,0,0,0,1,0,0,0,0,0,0.0,0.0,264,1
0,0,0,0,0,0,1,0,0,0,0,0,0.0,0.0,265,1
0,0,0,0,0,0,1,0,0,0,0,0,0.0,0.0,266,1
0,0,0,0,0,0,1,0,0,0,0,0,0.0,0.0,267,1
0,0,0,0,0,0,0,0,0,0,0,0,0.0,0.6153942662021781,268,1
0,0,0,0,0,0,1,0,0,0,0,0,0.0,0.0,269,1
0,0,0,0,0,0,0,0,1,0,0,0,0.0,0.0,270,1
0,0,0,0,0,0,1,0,0,0,0,0,0.0,0.0,271,1
0,0,0,0,0,0,1,0,0,0,0,0,0.0,0.0,272,1
0,0,0,0,0,0,1,0,0,0,0,0,0.0,0.0,273,1
0,0,0,0,0,0,1,0,0,0,0,0,0.0,0.0,274,1
0,0,0,0,0,0,1,0,0,0,0,0,0.0,0.0,275,1
0,0,0,0,0,0,1,0,0,0,0,0,0.0,0.0,276,1
0,0,0,0,0,0,1,0,0,0,0,0,0.0,0.0,277,1
0,0,0,0,0,0,1,0,0,0,0,0,0.0,0.0,278,1
0,0,0,0,0,0,1,0,0,0,0,0,0.0,0.0,279,1
0,0,0,0,0,0,1,0,0,0,0,0,0.0,0.0,280,1
0,0,0,0,0,0,1,0,0,0,0,0,0.0,0.0,281,1
0,0,0,0,0,0,1,0,0,0,0,0,0.0,0.0,282,1
0,0,0,0,0,0,1,0,0,0,0,0,0.0,0.0,283,1
0,0,0,0,0,0,1,0,0,0,0,0,0.0,0.0,284,1
1,0,0,0,0,0,0,0,0,0,0,0,0.0,0.0,285,1
0,0,0,0,0,0,1,0,0,0,0,0,0.0,0.0,286,1
1,0,0,0,0,0,0,0,0,0,0,0,0.0,0.0,287,1
0,0,0,0,0,0,1,0,0,0,0,0,0.0,0.0,288,1
1,0,0,0,0,0,0,0,0,0,0,0,0.0,0.0,289,1
0,0,0,0,0,0,0,0,1,0,0,0,0.0,0.0,290,1
0,0,0,0,0,0,1,0,0,0,0,0,0.0,0.0,291,1
1,0,0,0,0,0,0,0,0,0,0,0,0.0,0.0,292,1
1,0,0,0,0,0,0,0,0,0,0,0,0.0,0.0,293,1
0,0,0,0,0,0,0,0,1,0,0,0,0.0,0.0,294,1
0,0,0,0,0,0,1,0,0,0,0,0,0.0,0.0,295,1
0,0,0,0,0,0,1,0,0,0,0,0,0.0,0.0,296,1
0,0,0,0,0,0,0,0,0,0,0,0,0.0,0.6153942662021781,297,1
0,0,0,0,0,0,0,0,0,0,0,0,-5.809483127522302,-3.2153691330919005,298,1
0,0,0,0,0,0,0,0,0,0,0,0,0.0,-0.6153942662021781,299,1
1,0,0,0,0,0,1,0,0,0,0,0,0.0,0.0,300,1
0,0,1,0,0,0,0,0,0,0,0,0,0.0,0.0,301,1
0,0,1,0,0,0,0,0,0,0,0,0,0.0,0.0,302,1
0,0,0,0,0,0,1,0,0,0,0,0,0.0,0.0,303,1
0,0,0,0,0,0,0,0,0,0,0,0,-0.6153942662021781,0.0,304,1
0,0,0,0,0,0,1,0,0,0,0,0,-1.6094986352788734,0.0,305,1
0,0,0,0,0,0,0,0,0,0,0,0,-0.6153942662021781,0.0,306,1
1,0,0,0,0,0,0,0,0,0,0,0,0.0,0.0,307,1
0,0,0,0,0,0,0,0,0,0,0,0,-0.6153942662021781,0.0,308,1
0,0,0,0,0,0,1,0,0,0,0,0,0.0,0.0,309,1
0,0,1,0,0,0,0,0,0,0,0,0,0.0,0.0,310,1
0,0,0,0,0,0,1,0,0,0,0,0,0.0,0.0,311,1
0,0,0,0,0,0,1,0,0,0,0,0,0.0,0.0,312,1
0,0,0,0,0,0,1,0,0,0,0,0,0.0,0.0,313,1
0,0,0,0,0,0,1,0,0,0,0,0,0.0,0.0,314,1
0,0,0,0,0,0,1,0,0,0,0,0,0.0,0.0,315,1
0,0,0,0,0,0,1,0,0,0,0,0,0.0,0.0,316,1
1,0,0,0,0,0,0,0,0,0,0,0,0.0,0.0,317,1
0,0,0,0,0,0,1,0,0,0,0,0,0.0,0.0,318,1
1,0,0,0,0,0,1,0,0,0,0,0,0.0,0.0,319,1
0,0,0,0,0,0,1,0,0,0,0,0,0.0,0.0,320,1
1,0,0,0,0,0,0,0,0,0,0,0,0.0,0.0,321,1
0,0,0,0,0,0,1,0,0,0,0,0,0.0,0.0,322,1
1,0,0,0,0,0,0,0,0,0,0,0,0.0,0.0,323,1
0,0,0,0,0,0,1,0,0,0,0,0,0.0,0.0,324,1
0,0,0,0,0,0,1,0,0,0,0,0,0.0,0.0,325,1
0,0,0,0,0,0,1,0,0,0,0,0,0.0,0.0,326,1
0,0,0,0,0,0,1,0,0,0,0,0,0.0,0.0,327,1
0,0,0,0,0,0,1,0,0,0,0,0,0.0,0.0,328,1
1,0,0,0,0,0,0,0,0,0,0,0,0.0,0.0,329,1
1,0,0,0,0,0,0,0,0,0,0,0,0.0,0.0,330,1
0,0,0,0,0,0,0,0,1,0,0,0,0.0,0.0,331,1
0,0,1,0,0,0,0,0,0,0,0,0,0.0,0.0,332,1
1,0,0,0,0,0,0,0,0,0,0,0,0.0,0.0,333,1
0,0,0,0,0,0,1,0,0,0,0,0,0.0,0.0,334,1
0,0,1,0,0,0,0,0,0,0,0,0,0.0,0.0,335,1
0,0,0,0,0,0,0,0,0,0,0,0,1.6094986352788734,-0.6153942662021781,336,1
0,0,0,0,0,0,0,0,0,0,0,0,10.0,-0.6153942662021781,337,1
0,0,0,0,0,0,0,0,0,0,0,0,0.6153942662021781,0.0,338,1
0,0,0,0,0,0,0,0,0,0,0,0,1.6094986352788734,-0.6153942662021781,339,1
0,0,0,0,0,0,0,0,0,0,0,0,1.6094986352788734,-0.6153942662021781,340,1
0,0,0,0,0,0,0,0,0,0,0,0,-1.6094986352788734,0.0,341,1
1,0,0,0,0,0,0,0,0,0,0,0,0.0,0.0,342,1
0,0,0,0,0,0,0,0,0,0,1,0,3.2153691330919005,-5.809483127522302,343,1
0,0,0,0,0,0,0,0,0,0,0,0,0.6153942662021781,0.6153942662021781,344,1
0,0,0,0,0,0,0,0,0,0,0,0,5.809483127522302,5.809483127522302,345,1
0,0,0,0,0,0,0,0,0,0,0,0,3.2153691330919005,5.809483127522302,346,1
0,0,0,0,0,0,0,0,0,0,0,0,5.809483127522302,10.0,347,1
0,0,0,0,0,0,0,0,0,0,0,0,3.2153691330919005,5.809483127522302,348,1
0,0,0,0,0,0,0,0,0,0,0,0,0.0,0.6153942662021781,349,1
0,0,0,0,0,0,0,0,0,0,0,0,0.0,0.6153942662021781,350,1
0,0,0,0,0,0,0,0,0,0,0,0,0.0,5.809483127522302,351,1
0,0,0,0,0,0,0,0,0,0,0,0,3.2153691330919005,10.0,352,1
0,0,0,0,0,0,0,0,0,0,0,0,0.6153942662021781,0.6153942662021781,353,1
0,0,0,0,0,0,0,0,0,0,0,0,0.6153942662021781,0.0,354,1
0,0,0,0,0,0,0,0,0,0,0,0,0.0,0.0,355,1
0,0,1,0,0,0,0,0,0,0,0,0,0.0,0.0,356,1
0,0,0,0,0,0,0,1,0,0,0,0,0.0,0.0,357,1
0,0,1,0,0,0,0,0,0,0,0,0,0.0,0.0,358,1
0,0,1,0,0,0,0,0,0,0,0,0,0.0,0.0,359,1
0,0,1,0,0,0,0,0,0,0,0,0,0.0,0.0,360,1
0,0,1,0,0,0,0,0,0,0,0,0,-1.6094986352788734,0.6153942662021781,361,1
0,0,1,0,0,0,0,0,0,0,0,0,0.0,0.0,362,1
0,0,1,0,0,0,0,0,0,0,0,0,5.809483127522302,-0.6153942662021781,363,1
0,0,1,0,0,0,0,0,0,0,0,0,5.809483127522302,-0.6153942662021781,364,1
0,0,1,0,0,0,0,0,0,0,0,0,3.2153691330919005,0.0,365,1
0,0,1,0,0,0,0,0,0,0,0,0,0.6153942662021781,0.0,366,1
0,0,1,0,0,0,0,0,0,0,0,0,0.0,0.0,367,1
0,0,1,0,0,0,0,0,0,0,0,0,0.0,0.0,368,1
0,0,1,0,0,0,0,0,0,0,0,0,0.0,0.0,369,1
0,0,1,0,0,0,0,0,0,0,0,0,0.0,10.0,370,1
0,0,1,0,0,0,0,0,0,0,0,0,0.0,10.0,371,1
0,0,1,0,0,0,0,0,0,0,0,0,-0.6153942662021781,10.0,372,1
0,0,1,0,0,0,0,0,0,0,0,0,-0.6153942662021781,0.6153942662021781,373,1
0,0,1,0,0,0,0,0,0,0,0,0,0.0,0.0,374,1
0,0,1,0,0,0,0,0,0,0,0,0,0.0,0.0,375,1
0,0,1,0,0,0,0,0,0,0,0,0,0.0,0.0,376,1
0,0,1,0,0,0,0,0,0,0,0,0,0.0,0.0,377,1
0,0,1,0,0,0,0,0,0,0,0,0,0.0,0.0,378,1
0,0,1,0,0,0,0,0,0,0,0,0,0.0,0.0,379,1
0,0,1,0,1,0,0,0,0,0,0,0,0.0,-5.809483127522302,380,1
0,0,1,0,0,0,0,0,0,0,0,0,0.0,-10.0,381,1
0,0,1,0,0,0,0,0,0,0,0,0,0.0,0.0,382,1
0,0,1,0,0,0,0,0,0,0,0,0,0.0,0.0,383,1
0,0,1,0,0,0,0,0,0,0,0,0,0.0,0.0,384,1
0,0,1,0,0,0,0,0,0,0,0,0,0.0,0.0,385,1
0,0,1,0,0,0,0,0,0,0,0,0,-5.809483127522302,3.2153691330919005,386,1
0,0,1,0,0,0,0,0,0,0,0,0,-3.2153691330919005,1.6094986352788734,387,1
0,0,1,0,0,0,0,0,0,0,0,0,-0.6153942662021781,0.0,388,1
0,0,1,0,0,0,0,0,0,0,0,0,0.6153942662021781,-0.6153942662021781,389,1
0,0,0,0,0,0,0,0,0,0,0,0,0.0,-0.6153942662021781,390,1
0,0,1,0,0,0,0,0,0,0,0,0,0.0,0.0,391,1
0,0,1,0,0,0,0,0,0,0,0,0,0.0,0.0,392,1
0,0,1,0,0,0,0,0,0,0,0,0,0.0,0.0,393,1
0,0,1,0,0,0,0,0,0,0,0,0,0.0,0.0,394,1
0,0,1,0,0,0,0,0,0,0,0,0,10.0,0.6153942662021781,395,1
0,0,1,0,0,0,0,0,0,0,0,0,3.2153691330919005,-1.6094986352788734,396,1
0,0,1,0,0,0,0,0,0,0,0,0,0.6153942662021781,-1.6094986352788734,397,1
0,0,0,0,0,0,0,0,0,0,0,0,5.809483127522302,-1.6094986352788734,398,1
0,0,0,0,0,0,0,0,0,0,0,0,5.809483127522302,-1.6094986352788734,399,1
0,0,0,0,0,0,0,0,0,0,0,0,1.6094986352788734,0.0,400,1
0,0,0,0,1,0,0,0,0,0,0,0,0.0,0.0,401,1
0,0,1,0,0,0,0,0,0,0,0,0,0.0,0.0,402,1
0,0,1,0,0,0,0,0,0,0,0,0,0.0,0.0,403,1
0,0,1,0,0,0,0,0,0,0,0,0,0.0,0.0,404,1
0,0,1,0,0,0,0,0,0,0,0,0,0.0,0.0,405,1
0,0,1,0,0,0,0,0,0,0,0,0,0.0,0.0,406,1
0,0,1,0,0,0,0,0,0,0,0,0,0.0,0.0,407,1
0,0,1,0,0,0,0,0,0,0,0,0,0.0,0.0,408,1
0,0,1,0,1,0,0,0,0,0,0,0,-3.2153691330919005,0.6153942662021781,409,1
0,0,1,0,0,0,0,0,0,0,0,0,-10.0,0.0,410,1
0,0,1,0,0,0,0,0,0,0,0,0,-5.809483127522302,-0.6153942662021781,411,1
0,0,1,0,0,0,0,0,0,0,0,0,-0.6153942662021781,-0.6153942662021781,412,1
0,0,1,1,1,0,0,0,0,0,0,0,0.0,0.0,413,1
0,0,1,0,0,0,0,0,0,0,0,0,0.0,0.0,414,1
0,0,1,1,1,0,0,0,0,0,0,0,0.0,0.0,415,1
0,0,1,0,0,0,0,0,0,0,0,0,0.6153942662021781,5.809483127522302,416,1
0,0,1,1,1,0,0,0,0,0,0,0,-1.6094986352788734,10.0,417,1
0,0,1,0,0,0,0,0,0,0,0,0,0.0,0.0,418,1
0,0,1,1,0,0,0,0,0,0,0,0,0.0,0.0,419,1
0,0,1,0,0,0,0,0,0,0,0,0,10.0,10.0,420,1
0,0,0,0,0,0,0,0,0,0,0,0,10.0,10.0,421,1
0,0,0,0,0,0,0,0,0,0,0,0,3.2153691330919005,3.2153691330919005,422,1
0,0,1,0,0,0,0,0,0,0,0,0,5.809483127522302,10.0,423,1
0,0,1,0,0,0,0,0,0,0,0,0,3.2153691330919005,0.6153942662021781,424,1
0,0,0,0,0,0,0,0,0,0,0,0,10.0,-0.6153942662021781,425,1
1,0,0,0,0,0,0,0,0,0,0,0,10.0,5.809483127522302,426,1
0,0,0,0,0,0,0,0,0,0,0,0,0.6153942662021781,10.0,427,1
0,0,0,0,0,0,0,0,0,0,0,0,-3.2153691330919005,10.0,428,1
0,0,0,0,0,0,0,0,0,0,0,0,-0.6153942662021781,0.6153942662021781,429,1
1,0,0,0,0,0,0,0,0,0,0,0,-0.6153942662021781,0.6153942662021781,430,1
0,0,0,0,0,0,0,0,0,0,0,0,-0.6153942662021781,3.2153691330919005,431,1
0,0,0,0,0,0,0,0,0,0,0,0,0.0,0.0,432,1
0,0,0,0,0,0,0,0,1,0,0,0,0.0,0.0,433,1
0,0,0,0,0,0,0,0,0,0,0,0,5.809483127522302,10.0,434,1
0,0,0,0,0,0,0,0,0,0,0,0,3.2153691330919005,5.809483127522302,435,1
0,0,0,0,0,0,0,0,0,0,0,0,0.6153942662021781,10.0,436,1
0,0,0,0,0,0,0,0,0,0,0,0,-0.6153942662021781,5.809483127522302,437,1
0,0,0,0,0,0,0,0,0,0,0,0,0.0,3.2153691330919005,438,1
0,0,0,0,0,0,0,0,0,0,0,0,0.0,10.0,439,1
0,0,0,0,0,0,0,0,0,0,0,0,-5.809483127522302,10.0,440,1
0,0,0,0,0,0,0,0,0,0,0,0,-10.0,10.0,441,1
0,0,0,0,0,0,0,0,0,0,0,0,-10.0,0.6153942662021781,442,1
1,0,0,0,0,0,0,0,0,0,0,0,-5.809483127522302,-0.6153942662021781,443,1
0,0,0,0,0,0,0,0,0,0,0,0,-5.809483127522302,0.0,444,1
0,0,0,0,0,0,0,0,0,0,0,0,-1.6094986352788734,0.0,445,1
0,0,1,0,0,0,0,0,0,0,0,0,-3.2153691330919005,0.0,446,1
0,0,1,0,0,0,0,0,1,0,0,0,-5.809483127522302,-0.6153942662021781,447,1
0,0,1,0,0,0,0,0,0,0,0,0,-5.809483127522302,0.0,448,1
0,0,1,0,0,0,0,0,0,0,0,0,0.0,0.0,449,1
0,0,1,0,0,0,0,0,0,0,0,0,-3.2153691330919005,0.6153942662021781,450,1
0,0,1,0,0,0,0,0,0,0,0,0,-10.0,5.809483127522302,451,1
0,0,1,0,0,0,0,0,0,0,0,0,-1.6094986352788734,5.809483127522302,452,1
0,0,1,0,0,0,0,0,0,0,0,0,0.0,0.0,453,1
0,0,1,0,1,0,0,0,0,0,0,0,0.0,10.0,454,1
0,0,1,0,0,0,0,0,0,0,0,0,3.2153691330919005,10.0,455,1
0,0,1,0,0,0,0,0,0,0,0,0,0.0,0.0,456,1
0,0,1,0,0,0,0,0,0,0,0,0,0.0,0.0,457,1
0,0,1,0,0,0,0,0,0,0,0,0,0.0,0.0,458,1
0,0,0,0,1,0,0,0,0,0,0,0,0.0,0.0,459,1
0,0,1,0,1,0,0,0,0,0,0,0,0.0,0.0,460,1
0,0,1,0,1,0,0,0,0,0,0,0,0.0,0.0,461,1
0,0,1,0,0,0,0,0,0,0,0,0,0.0,0.0,462,1
0,0,1,0,0,0,0,0,0,0,0,0,0.0,0.0,463,1
0,0,1,0,0,0,0,0,0,0,0,0,0.0,0.0,464,1
0,0,1,0,0,0,0,0,0,0,0,0,0.0,0.0,465,1
0,0,1,0,0,0,0,0,0,0,0,0,0.0,0.0,466,1
0,0,1,0,0,0,0,0,0,0,0,0,0.0,0.0,467,1
0,0,1,1,0,0,0,1,0,0,0,0,0.6153942662021781,0.0,468,1
0,0,1,0,0,0,0,0,0,0,0,0,3.2153691330919005,-0.6153942662021781,469,1
0,0,1,1,0,0,0,0,0,0,0,0,1.6094986352788734,-0.6153942662021781,470,1
0,0,1,0,0,0,0,0,0,0,0,0,1.6094986352788734,-3.2153691330919005,471,1
0,0,1,1,1,0,0,0,0,0,0,0,-0.6153942662021781,-5.809483127522302,472,1
0,0,1,1,1,0,0,0,0,0,0,0,0.0,-5.809483127522302,473,1
0,0,1,1,0,0,0,0,0,0,0,0,0.0,-1.6094986352788734,474,1
0,0,1,1,0,0,0,0,0,0,0,0,0.0,0.0,475,1
0,0,1,1,0,0,0,0,0,0,0,0,0.0,0.0,476,1
0,0,1,1,0,0,0,0,0,0,0,0,0.0,0.0,477,1
0,0,1,1,0,0,0,0,0,0,0,0,0.0,0.0,478,1
0,0,1,0,0,0,0,0,0,0,0,0,0.0,0.0,479,1
0,0,1,1,0,0,0,0,0,0,0,0,0.0,0.0,480,1
0,0,1,1,0,0,0,0,0,0,0,0,0.0,0.0,481,1
0,0,1,0,0,0,0,0,0,0,0,0,0.0,0.0,482,1
0,0,1,1,0,0,0,0,0,0,0,0,0.0,0.0,483,1
0,0,1,0,0,0,0,0,0,0,0,0,0.0,0.0,484,1
0,0,1,1,0,0,0,0,0,0,0,0,1.6094986352788734,-5.809483127522302,485,1
0,0,1,0,0,0,0,0,0,0,0,0,3.2153691330919005,-5.809483127522302,486,1
0,0,1,1,0,0,0,0,0,0,0,0,1.6094986352788734,-3.2153691330919005,487,1
0,0,1,1,1,0,0,0,0,0,0,0,0.0,0.0,488,1
0,0,1,1,1,0,0,0,0,0,0,0,0.0,0.0,489,1
0,0,1,1,1,0,0,0,0,0,0,0,0.0,0.0,490,1
0,0,1,0,0,0,0,0,0,0,0,0,0.0,0.0,491,1
0,0,1,0,1,0,0,0,0,0,0,0,0.0,0.0,492,1
0,0,1,1,0,0,0,0,0,0,0,0,0.0,0.0,493,1
0,0,1,0,1,0,0,0,0,0,0,0,0.0,0.0,494,1
0,0,1,0,1,0,0,0,0,0,0,0,0.0,0.0,495,1
0,0,1,1,1,0,0,0,0,0,0,0,0.0,0.0,496,1
0,0,1,1,0,0,0,0,0,0,0,0,0.0,0.0,497,1
0,0,1,0,0,0,0,0,0,0,0,0,0.0,0.0,498,1
0,0,1,1,0,0,0,0,0,0,0,0,0.0,0.0,499,1
0,0,1,1,0,0,0,0,0,0,0,0,0.0,0.0,500,1
0,0,1,0,0,1,0,0,0,0,0,0,0.0,5.809483127522302,501,1
0,0,1,1,1,0,0,0,0,0,0,0,3.2153691330919005,10.0,502,1
0,0,1,1,0,0,0,0,0,0,0,0,5.809483127522302,10.0,503,1
0,0,1,0,0,0,0,0,0,0,0,0,3.2153691330919005,3.2153691330919005,504,1
0,0,1,1,0,1,0,0,0,0,0,0,0.0,0.0,505,1
0,0,1,1,0,0,0,0,0,0,0,0,0.0,0.0,506,1
0,0,1,1,0,1,0,0,0,0,0,0,1.6094986352788734,0.6153942662021781,507,1
0,0,1,0,0,0,0,0,0,0,0,0,0.6153942662021781,-1.6094986352788734,508,1
0,0,1,0,0,0,0,0,0,0,0,0,-5.809483127522302,-10.0,509,1
0,0,1,1,0,0,0,0,0,0,0,0,-10.0,-10.0,510,1
1,0,1,0,0,0,0,0,0,0,0,0,-1.6094986352788734,-0.6153942662021781,511,1
0,0,1,1,0,0,0,0,0,0,0,0,0.0,0.0,512,1
0,0,1,1,0,1,0,0,0,0,0,0,5.809483127522302,3.2153691330919005,513,1
0,0,1,1,0,0,0,0,0,0,0,0,3.2153691330919005,-0.6153942662021781,514,1
0,0,1,1,0,1,0,0,0,0,0,0,5.809483127522302,-3.2153691330919005,515,1
1,0,1,1,0,0,0,0,0,0,0,0,-1.6094986352788734,-10.0,516,1
1,0,1,0,0,0,0,0,0,0,0,0,0.6153942662021781,-0.6153942662021781,517,1
0,0,1,1,0,0,0,1,0,0,0,0,1.6094986352788734,-1.6094986352788734,518,1
1,0,1,1,0,0,0,0,0,0,0,0,0.0,0.0,519,1
0,0,1,0,0,0,0,0,0,0,0,0,-3.2153691330919005,-10.0,520,1
0,0,1,0,0,1,0,0,0,0,0,0,0.0,-3.2153691330919005,521,1
1,0,0,0,0,0,0,0,0,0,0,0,-5.809483127522302,1.6094986352788734,522,1
0,0,0,0,0,0,0,0,0,0,0,0,-0.6153942662021781,0.0,523,1
0,1,0,0,0,0,0,0,0,0,0,0,0.0,0.0,524,1
0,0,1,0,0,0,0,0,0,0,0,0,-5.809483127522302,-0.6153942662021781,525,1
0,0,0,0,0,0,0,0,0,0,0,0,-10.0,0.0,526,1
1,0,0,0,0,0,0,0,0,0,0,0,-10.0,3.2153691330919005,527,1
1,0,0,0,0,0,0,0,0,0,0,0,-0.6153942662021781,0.6153942662021781,528,1
0,0,0,0,0,0,0,0,0,0,0,0,-10.0,-0.6153942662021781,529,1
0,0,0,0,0,0,0,0,0,0,0,0,-5.809483127522302,-3.2153691330919005,530,1
0,0,1,0,0,0,0,0,0,0,0,0,-3.2153691330919005,-0.6153942662021781,531,1
0,0,0,0,0,0,0,0,0,0,0,0,-3.2153691330919005,1.6094986352788734,532,1
0,0,0,0,0,0,0,0,0,0,0,0,-1.6094986352788734,1.6094986352788734,533,1
0,0,0,0,0,0,0,0,0,0,0,0,-3.2153691330919005,0.6153942662021781,534,1
0,0,1,0,0,0,0,0,0,0,0,0,-0.6153942662021781,0.6153942662021781,535,2
0,0,0,0,0,0,0,0,0,0,0,0,-3.2153691330919005,1.6094986352788734,536,2
0,0,0,0,0,0,0,0,0,0,0,0,-0.6153942662021781,0.6153942662021781,537,2
0,0,0,0,0,0,0,0,1,0,0,0,0.0,0.0,538,2
1,0,0,0,0,0,0,0,0,0,0,0,0.0,0.0,539,2
1,0,1,0,0,0,0,0,0,0,0,0,0.0,0.0,540,2
1,0,1,0,0,0,0,0,0,0,0,0,0.0,0.0,541,2
1,0,0,0,0,0,0,0,0,0,0,0,0.0,0.0,542,2
1,0,0,0,0,0,0,0,0,0,0,0,0.0,0.0,543,2
1,0,1,0,0,0,0,0,0,0,0,0,0.0,0.0,544,2
1,0,0,0,0,0,0,0,0,0,0,0,0.0,0.0,545,2
1,0,1,0,0,0,0,0,0,0,0,0,0.0,0.0,546,2
1,0,1,0,0,0,0,0,0,0,0,0,0.0,0.0,547,2
1,0,1,0,0,0,0,0,0,0,0,0,0.0,0.0,548,2
1,0,0,0,0,0,0,0,0,0,0,0,0.0,0.0,549,2
1,0,1,0,0,0,0,0,0,0,0,0,0.0,0.0,550,2
1,0,1,0,0,0,0,0,0,0,0,0,0.0,0.0,551,2
1,0,0,0,0,0,0,0,0,0,0,0,0.0,0.0,552,2
1,0,0,0,0,0,0,0,0,0,0,0,0.0,0.0,553,2
1,0,0,0,0,0,0,0,0,0,0,0,0.0,0.0,554,2
1,0,0,0,0,0,0,0,0,0,0,0,0.0,0.0,555,2
1,0,0,0,0,0,0,0,0,0,0,0,0.0,0.0,556,2
1,0,0,0,0,0,0,0,0,0,0,0,0.0,0.0,557,2
1,0,0,0,0,0,0,0,0,0,0,0,0.0,0.0,558,2
1,0,0,0,0,0,0,0,0,0,0,0,0.0,0.0,559,2
1,0,1,0,0,0,0,0,0,0,0,0,0.0,0.0,560,2
1,0,1,0,0,0,0,0,0,0,0,0,0.0,0.0,561,2
1,0,0,0,0,0,0,0,0,0,0,0,0.0,0.0,562,2
1,0,0,0,0,0,0,0,0,0,0,0,0.0,0.0,563,2
1,0,0,0,0,0,0,0,0,0,0,0,0.0,0.0,564,2
1,0,0,0,0,0,0,0,0,0,0,0,0.0,0.0,565,2
1,0,0,0,0,0,0,0,0,0,0,0,0.0,0.0,566,2
1,0,0,0,0,0,0,0,0,0,0,0,0.0,0.0,567,2
1,0,0,0,0,0,0,0,0,0,0,0,0.0,0.0,568,2
1,0,0,0,0,0,0,0,0,0,0,0,0.0,0.0,569,2
1,0,0,0,0,0,0,0,0,0,0,0,0.0,0.0,570,2
1,0,0,0,0,0,0,0,0,0,0,0,0.0,0.0,571,2
1,0,0,0,0,0,0,0,0,0,0,0,0.0,0.0,572,2
1,0,0,0,0,0,0,0,0,0,0,0,0.0,0.0,573,2
1,0,0,0,0,0,0,0,0,0,0,0,0.0,0.0,574,2
1,0,0,0,0,0,0,0,0,0,0,0,0.0,0.0,575,2
1,0,0,0,0,0,0,0,0,0,0,0,0.0,0.0,576,2
1,0,0,0,0,0,0,0,0,0,0,0,0.0,0.0,577,2
1,0,0,0,0,0,0,0,0,0,0,0,0.0,0.0,578,2
1,0,0,0,0,0,0,0,0,0,0,0,0.0,0.0,579,2
1,0,0,0,0,0,0,0,0,0,0,0,0.0,0.0,580,2
1,0,0,0,0,0,0,0,0,0,0,0,0.0,0.0,581,2
1,0,0,0,0,0,0,0,0,0,0,0,0.6153942662021781,-0.6153942662021781,582,2
1,0,0,0,0,0,0,0,0,0,0,0,1.6094986352788734,-0.6153942662021781,583,2
1,0,0,0,0,0,0,0,0,0,0,0,0.0,0.0,584,2
1,0,0,0,0,0,0,0,0,0,0,0,0.0,0.0,585,2
1,0,0,0,0,0,0,0,0,0,0,0,0.0,0.0,586,2
1,0,0,0,0,0,0,0,0,0,0,0,0.0,0.0,587,2
1,0,0,0,0,0,0,0,0,0,0,0,0.0,0.0,588,2
1,0,0,0,0,0,0,0,0,0,0,0,0.0,0.0,589,2
1,0,0,0,0,0,0,0,0,0,0,0,0.0,0.0,590,2
1,0,0,0,0,0,0,0,0,0,0,0,0.0,0.0,591,2
1,0,0,0,0,0,0,0,0,0,0,0,0.0,0.0,592,2
1,0,0,0,0,0,0,0,0,0,0,0,0.0,0.0,593,2
1,0,0,0,0,0,0,0,0,0,0,0,0.0,0.0,594,2
1,0,0,0,0,0,0,0,0,0,0,0,0.0,0.0,595,2
1,0,0,0,0,0,0,0,0,0,0,0,0.0,0.0,596,2
1,0,0,0,0,0,0,0,0,0,0,0,0.0,0.0,597,2
1,0,0,0,0,0,0,0,0,0,0,0,0.0,0.0,598,2
1,0,0,0,0,0,0,0,0,0,0,0,0.0,0.0,599,2
1,0,0,0,0,0,0,0,0,0,0,0,0.0,0.0,600,2
1,0,0,0,0,0,0,0,0,0,0,0,0.0,0.0,601,2
1,0,0,0,0,0,0,0,0,0,0,0,0.0,0.0,602,2
1,0,0,0,0,0,0,0,0,0,0,0,0.0,0.0,603,2
1,0,0,0,0,0,0,0,0,0,0,0,0.0,0.0,604,2
1,0,0,0,0,0,0,0,0,0,0,0,0.0,0.0,605,2
1,0,0,0,0,0,0,0,0,0,0,0,0.0,0.0,606,2
1,0,0,0,0,0,0,0,0,0,0,0,0.0,0.0,607,2
1,0,0,0,0,0,0,0,0,0,0,0,0.0,0.0,608,2
1,0,0,0,0,0,0,0,0,0,0,0,0.0,0.0,609,2
1,0,0,0,0,0,0,0,0,0,0,0,0.0,0.0,610,2
1,0,0,0,0,0,0,0,0,0,0,0,0.0,0.0,611,2
1,0,1,0,0,0,0,0,0,0,0,0,0.0,0.0,612,2
1,0,0,0,0,0,0,0,0,0,0,0,0.0,0.0,613,2
1,0,0,0,0,0,0,0,0,0,0,0,0.0,0.0,614,2
1,0,0,0,0,0,0,0,0,0,0,0,0.0,0.0,615,2
1,0,0,0,0,0,0,0,0,0,0,0,0.0,0.0,616,2
1,0,0,0,0,0,0,0,0,0,0,0,0.0,0.0,617,2
1,0,0,0,0,0,0,0,0,0,0,0,0.0,0.0,618,2
1,0,0,0,0,0,0,0,0,0,0,0,0.0,0.0,619,2
1,0,0,0,0,0,0,0,0,0,0,0,0.0,0.0,620,2
1,0,0,0,0,0,0,0,0,0,0,0,0.0,0.0,621,2
1,0,0,0,0,0,0,0,0,0,0,0,0.0,0.0,622,2
1,0,0,0,0,0,0,0,0,0,0,0,0.0,0.0,623,2
1,0,0,0,0,0,0,0,0,0,0,0,0.0,0.0,624,2
1,0,0,0,0,0,0,0,0,0,0,0,0.0,0.0,625,2
1,0,0,0,0,0,0,0,0,0,0,0,0.0,0.0,626,2
1,0,0,0,0,0,0,0,0,0,0,0,0.0,0.0,627,2
1,0,0,0,0,0,0,0,0,0,0,0,0.0,0.0,628,2
1,0,0,0,0,0,0,0,0,0,0,0,0.0,0.0,629,2
1,0,0,0,0,0,0,0,0,0,0,0,0.0,0.0,630,2
1,0,0,0,0,0,0,0,0,0,0,0,0.0,0.0,631,2
1,0,0,0,0,0,0,0,0,0,0,0,0.0,0.0,632,2
1,0,0,0,0,0,0,0,0,0,0,0,0.0,0.0,633,2
1,0,0,0,0,0,0,0,0,0,0,0,0.0,0.0,634,2
1,0,0,0,0,0,0,0,0,0,0,0,0.0,0.0,635,2
1,0,0,0,0,0,0,0,0,0,0,0,0.0,0.0,636,2
1,0,0,0,0,0,0,0,0,0,0,0,0.0,0.0,637,2
1,0,0,0,0,0,0,0,0,0,0,0,0.0,0.0,638,2
1,0,0,0,0,0,0,0,0,0,0,0,0.0,0.0,639,2
1,0,0,0,0,0,0,0,0,0,0,0,0.0,0.0,640,2
1,0,0,0,0,0,0,0,0,0,0,0,0.0,0.0,641,2
1,0,0,0,0,0,0,0,0,0,0,0,0.0,0.0,642,2
1,0,0,0,0,0,0,0,0,0,0,0,0.0,0.0,643,2
1,0,0,0,0,0,0,0,0,0,0,0,0.0,0.0,644,2
1,0,0,0,0,0,0,0,0,0,0,0,0.0,0.0,645,2
1,0,0,0,0,0,0,0,0,0,0,0,0.0,0.0,646,2
1,0,0,0,0,0,0,0,0,0,0,0,0.0,0.0,647,2
1,0,0,0,0,0,0,0,0,0,0,0,0.0,0.0,648,2
1,0,0,0,0,0,0,0,0,0,0,0,0.0,0.0,649,2
1,0,0,0,0,0,0,0,0,0,0,0,0.0,0.0,650,2
1,0,0,0,0,0,0,0,0,0,0,0,0.0,0.0,651,2
1,0,0,0,0,0,0,0,0,0,0,0,0.0,0.0,652,2
1,0,0,0,0,0,0,0,0,0,0,0,0.0,0.0,653,2
1,0,0,0,0,0,0,0,0,0,0,0,0.0,0.0,654,2
1,0,0,0,0,0,0,0,0,0,0,0,0.0,0.0,655,2
1,0,0,0,0,0,0,0,0,0,0,0,0.0,0.0,656,2
1,0,0,0,0,0,0,0,0,0,0,0,0.0,0.0,657,2
1,0,0,0,0,0,0,0,0,0,0,0,0.0,0.0,658,2
1,0,0,0,0,0,0,0,0,0,0,0,0.0,0.0,659,2
1,0,0,0,0,0,0,0,0,0,0,0,0.0,0.0,660,2
1,0,0,0,0,0,0,0,0,0,0,0,0.0,0.0,661,2
1,0,0,0,0,0,0,0,0,0,0,0,0.0,0.0,662,2
1,0,0,0,0,0,0,0,0,0,0,0,0.0,0.0,663,2
1,0,0,0,0,0,0,0,0,0,0,0,0.0,0.0,664,2
1,0,0,0,0,0,0,0,0,0,0,0,0.0,0.0,665,2
1,0,0,0,0,0,0,0,0,0,0,0,0.0,0.0,666,2
1,0,0,0,0,0,0,0,0,0,0,0,0.0,0.0,667,2
1,0,0,0,0,0,0,0,0,0,0,0,0.0,0.0,668,2
1,0,0,0,0,0,0,0,0,0,0,0,0.0,0.0,669,2
1,0,0,0,0,0,0,0,0,0,0,0,0.0,0.0,670,2
1,0,0,0,0,0,0,0,0,0,0,0,0.0,0.0,671,2
1,0,0,0,0,0,0,0,0,0,0,0,0.0,0.0,672,2
1,0,0,0,0,0,0,0,0,0,0,0,0.0,0.0,673,2
1,0,0,0,0,0,0,0,0,0,0,0,0.0,0.0,674,2
1,0,0,0,0,0,0,0,0,0,0,0,0.0,0.0,675,2
1,0,0,0,0,0,0,0,0,0,0,0,0.0,0.0,676,2
1,0,0,0,0,0,0,0,0,0,0,0,0.0,0.0,677,2
1,0,0,0,0,0,0,0,0,0,0,0,0.0,0.0,678,2
1,0,0,0,0,0,0,0,0,0,0,0,0.0,0.0,679,2
1,0,0,0,0,0,0,0,0,0,0,0,0.0,0.0,680,2
1,0,0,0,0,0,0,0,0,0,0,0,0.0,0.0,681,2
1,0,0,0,0,0,0,0,0,0,0,0,0.0,0.0,682,2
1,0,0,0,0,0,0,0,0,0,0,0,0.0,0.0,683,2
1,0,0,0,0,0,0,0,0,0,0,0,0.0,0.0,684,2
1,0,0,0,0,0,0,0,0,0,0,0,0.0,0.0,685,2
1,0,0,0,0,0,0,0,0,0,0,0,0.0,0.0,686,2
1,0,0,0,0,0,0,0,0,0,0,0,0.0,0.0,687,2
1,0,0,0,0,0,0,0,0,0,0,0,0.0,0.0,688,2
1,0,0,0,0,0,0,0,0,0,0,0,0.0,0.0,689,2
1,0,0,0,0,0,0,0,0,0,0,0,0.0,0.0,690,2
1,0,0,0,0,0,0,0,0,0,0,0,0.0,0.0,691,2
1,0,0,0,0,0,0,0,0,0,0,0,0.0,0.0,692,2
1,0,0,0,0,0,0,0,0,0,0,0,0.0,0.0,693,2
1,0,0,0,0,0,0,0,0,0,0,0,-3.2153691330919005,0.0,694,2
1,0,0,0,0,0,0,0,0,0,0,0,-0.6153942662021781,0.0,695,2
1,0,0,0,0,0,0,0,0,0,0,0,-1.6094986352788734,-0.6153942662021781,696,2
1,0,1,0,0,0,0,0,0,0,0,0,0.0,0.0,697,2
1,0,0,0,0,0,0,0,0,0,0,0,0.0,0.0,698,2
0,0,1,1,0,0,0,0,0,0,0,0,0.0,0.0,699,2
1,0,0,0,0,0,0,0,0,0,0,0,0.0,0.0,700,2
1,0,1,1,0,0,0,0,0,0,0,0,0.0,0.0,701,2
1,0,1,1,0,0,0,0,0,0,0,0,10.0,-3.2153691330919005,702,2
0,0,1,1,0,0,0,0,0,0,0,0,5.809483127522302,-5.809483127522302,703,2
0,0,1,0,0,0,0,0,0,0,0,0,10.0,-10.0,704,2
0,0,1,0,0,0,0,0,0,0,0,0,5.809483127522302,-3.2153691330919005,705,2
0,0,1,0,0,0,0,1,0,0,0,0,0.0,0.0,706,2
1,0,1,0,0,0,0,0,0,0,0,0,10.0,-0.6153942662021781,707,2
0,0,0,0,0,0,0,0,0,0,0,0,10.0,-3.2153691330919005,708,2
0,0,1,0,0,0,0,0,0,0,0,0,3.2153691330919005,-5.809483127522302,709,2
1,0,0,0,0,0,0,0,0,0,0,0,0.0,0.0,710,2
0,0,1,0,0,0,0,0,0,0,0,0,0.0,0.0,711,2
0,0,1,0,0,0,0,0,0,0,0,0,0.0,0.0,712,2
0,0,1,0,0,0,0,0,0,0,0,0,0.0,0.0,713,2
0,0,1,0,0,0,0,0,0,0,0,0,0.0,0.0,714,2
0,0,1,0,0,0,0,0,0,0,0,0,0.0,0.0,715,2
0,0,1,0,0,0,0,0,0,0,0,0,0.0,0.0,716,2
1,0,1,0,0,0,0,0,0,0,0,0,0.0,0.0,717,2
0,0,1,0,1,0,0,0,0,0,0,0,1.6094986352788734,0.0,718,2
0,0,1,0,0,0,0,0,0,0,0,0,0.0,0.0,719,2
1,0,1,0,0,0,0,0,0,0,0,0,0.0,0.0,720,2
0,0,1,0,0,0,0,0,0,0,0,0,0.0,0.0,721,2
0,0,0,0,0,0,0,0,0,0,0,0,-1.6094986352788734,0.6153942662021781,722,2
0,0,1,0,0,0,0,0,0,0,0,0,5.809483127522302,-1.6094986352788734,723,2
0,0,0,0,0,0,0,0,0,0,0,0,10.0,-0.6153942662021781,724,2
0,0,1,1,0,0,0,0,0,0,0,0,5.809483127522302,0.0,725,2
0,0,1,1,0,0,0,0,0,0,0,0,0.0,0.0,726,2
0,0,1,1,0,0,0,0,0,0,0,0,0.0,0.0,727,2
0,0,0,0,0,1,0,0,0,0,0,0,-3.2153691330919005,1.6094986352788734,728,2
0,0,1,1,0,0,0,0,0,0,0,0,1.6094986352788734,3.2153691330919005,729,2
0,0,1,1,0,0,0,1,0,0,0,0,1.6094986352788734,3.2153691330919005,730,2
0,0,1,1,0,0,0,0,0,0,0,0,1.6094986352788734,1.6094986352788734,731,2
0,0,1,0,0,0,0,0,0,0,0,0,0.0,0.0,732,2
0,0,1,0,0,1,0,0,0,0,0,0,1.6094986352788734,1.6094986352788734,733,2
0,0,0,0,0,0,0,0,0,0,0,0,0.6153942662021781,3.2153691330919005,734,2
0,0,1,0,0,0,0,0,0,0,0,0,0.6153942662021781,3.2153691330919005,735,2
0,0,0,0,0,0,0,0,0,0,0,0,-1.6094986352788734,3.2153691330919005,736,2
0,0,0,0,0,1,0,0,0,0,0,0,-1.6094986352788734,3.2153691330919005,737,2
0,0,1,0,0,0,0,0,0,0,0,0,-0.6153942662021781,10.0,738,2
0,0,0,1,0,1,0,0,0,0,0,0,0.0,3.2153691330919005,739,2
0,0,1,0,0,0,0,0,0,0,0,0,0.0,0.0,740,2
0,0,0,1,0,0,0,0,0,0,0,0,0.0,0.0,741,2
0,0,1,1,0,0,0,0,0,0,0,0,0.0,0.0,742,2
0,0,1,1,1,0,0,0,0,0,0,0,0.0,0.0,743,2
0,0,1,1,1,0,0,0,0,0,0,0,0.0,0.0,744,2
0,0,1,1,0,0,0,0,0,0,0,0,0.0,0.0,745,2
0,0,1,1,1,0,0,1,0,0,0,0,0.0,0.0,746,2
0,0,1,1,1,0,0,0,0,0,0,0,0.0,0.6153942662021781,747,2
0,0,1,1,1,0,0,1,0,0,0,0,5.809483127522302,-0.6153942662021781,748,2
0,0,1,1,0,0,0,0,0,0,0,0,5.809483127522302,0.0,749,2
0,0,1,1,0,0,0,0,0,0,0,0,3.2153691330919005,0.0,750,2
0,0,1,0,0,0,0,1,0,0,0,0,0.6153942662021781,0.0,751,2
0,0,1,0,0,0,0,1,0,0,0,0,0.0,0.0,752,2
0,0,1,1,0,0,0,1,0,0,0,0,0.0,0.0,753,2
0,0,1,1,0,0,0,1,0,0,0,0,0.6153942662021781,0.0,754,2
0,0,1,0,0,0,0,1,0,0,0,0,0.0,0.0,755,2
0,0,1,1,0,0,0,1,0,0,0,0,-3.2153691330919005,-10.0,756,2
0,0,1,1,0,0,0,0,0,0,0,0,-10.0,-10.0,757,2
0,0,1,1,0,0,0,1,0,0,0,0,-3.2153691330919005,-3.2153691330919005,758,2
0,0,1,1,0,0,0,1,0,0,0,0,0.0,-0.6153942662021781,759,2
0,0,1,1,0,0,0,0,0,0,0,0,0.0,0.0,760,2
0,0,1,1,0,0,0,1,0,0,0,0,0.0,0.0,761,2
0,0,1,1,1,0,0,1,0,0,0,0,0.0,0.0,762,2
0,0,1,1,0,0,0,0,0,0,0,0,-10.0,-3.2153691330919005,763,2
0,0,1,1,1,0,0,0,0,0,0,0,-3.2153691330919005,-1.6094986352788734,764,2
0,0,1,1,0,0,0,0,0,0,0,0,0.0,0.0,765,2
0,0,1,1,1,0,0,0,0,0,0,0,-5.809483127522302,3.2153691330919005,766,2
0,0,1,1,0,0,0,0,0,0,0,0,-5.809483127522302,3.2153691330919005,767,2
0,0,1,0,0,0,0,1,0,0,0,0,0.0,0.0,768,2
0,0,1,1,0,0,0,1,0,0,0,0,0.0,0.0,769,2
0,0,1,0,0,0,0,0,0,0,0,0,0.0,0.0,770,2
0,0,1,1,0,0,0,1,0,0,0,0,0.0,0.0,771,2
0,0,1,1,0,0,0,1,0,0,0,0,0.0,0.0,772,2
0,0,1,0,0,0,0,0,0,0,0,0,0.0,0.0,773,2
0,0,1,1,0,0,0,0,0,0,0,0,0.0,0.0,774,2
0,0,1,1,0,0,0,0,0,0,0,0,0.0,0.0,775,2
0,0,1,1,0,0,0,1,0,0,0,0,0.0,0.0,776,2
0,0,1,1,0,0,0,0,0,0,0,0,0.0,0.0,777,2
0,0,1,1,0,0,0,1,0,0,0,0,0.0,0.0,778,2
0,0,1,1,0,0,0,1,0,0,0,0,-1.6094986352788734,-1.6094986352788734,779,2
0,0,1,1,0,0,0,0,0,0,0,0,-1.6094986352788734,-5.809483127522302,780,2
1,0,1,0,0,0,0,0,0,0,0,0,-3.2153691330919005,-3.2153691330919005,781,2
0,0,1,1,0,0,0,1,0,0,0,0,-1.6094986352788734,0.0,782,2
0,0,1,0,0,0,0,0,0,0,0,0,0.0,0.0,783,2
0,0,1,1,0,1,0,0,0,0,0,0,0.0,0.0,784,2
0,0,1,1,0,0,0,0,0,0,0,0,0.0,0.0,785,2
1,0,1,0,0,1,0,1,0,0,0,0,0.0,0.0,786,2
0,0,1,0,0,0,0,1,0,0,0,0,0.0,0.0,787,2
1,0,1,1,0,1,0,1,0,0,0,0,0.0,0.0,788,2
0,0,1,0,0,0,0,0,0,0,0,0,0.0,0.0,789,2
0,0,1,1,0,0,0,0,0,0,0,0,0.0,0.0,790,2
1,0,0,0,0,0,0,0,0,0,0,0,0.0,-0.6153942662021781,791,2
0,0,1,1,0,0,0,1,0,0,0,0,0.0,0.0,792,2
1,0,1,0,0,0,0,0,0,0,0,0,0.0,0.0,793,2
0,0,1,1,0,0,0,1,0,0,0,0,-0.6153942662021781,-0.6153942662021781,794,2
1,0,1,0,0,0,0,0,0,0,0,0,0.0,0.0,795,2
0,0,1,1,0,0,0,1,0,0,0,0,0.0,0.0,796,2
1,0,1,1,0,0,0,0,0,0,0,0,0.0,0.0,797,2
1,0,1,0,0,0,0,0,0,0,0,0,-1.6094986352788734,-0.6153942662021781,798,2
0,0,1,1,0,0,0,1,0,0,0,0,0.0,0.0,799,2
1,0,1,0,0,0,0,0,0,0,0,0,-0.6153942662021781,-0.6153942662021781,800,2
0,0,1,1,0,0,0,0,0,0,0,0,0.0,-0.6153942662021781,801,2
0,0,1,1,0,0,0,0,0,0,0,0,-0.6153942662021781,-0.6153942662021781,802,2
1,0,0,0,0,1,0,0,0,0,0,0,0.0,0.0,803,2
1,0,1,1,0,1,0,0,0,0,0,0,0.0,0.0,804,2
0,0,1,0,0,1,0,0,0,0,0,0,0.0,-1.6094986352788734,805,2
1,0,1,0,0,0,0,0,0,0,0,0,0.0,0.0,806,2
0,0,0,1,0,0,0,0,0,0,0,0,1.6094986352788734,-0.6153942662021781,807,2
0,0,1,1,0,1,0,0,0,0,0,0,3.2153691330919005,-1.6094986352788734,808,2
0,0,1,1,0,0,0,0,0,0,0,0,0.0,0.0,809,2
1,0,1,1,1,0,0,0,0,0,0,0,0.0,0.0,810,2
0,0,1,1,0,0,0,0,0,0,0,0,0.0,0.0,811,2
0,0,1,1,1,0,0,0,0,0,0,0,0.0,0.0,812,2
0,0,1,0,0,0,0,0,0,0,0,0,0.0,0.0,813,2
0,0,1,0,0,0,0,0,0,0,0,0,0.0,0.0,814,2
0,0,1,0,0,0,0,0,0,0,0,0,0.0,0.0,815,2
1,0,1,0,0,0,0,0,0,0,0,0,0.0,0.0,816,2
1,0,1,0,0,0,0,0,0,0,0,0,0.0,0.0,817,2
0,0,1,0,0,0,0,0,0,0,0,0,0.0,0.0,818,2
0,0,1,0,0,0,0,0,0,0,0,0,0.0,0.0,819,2
0,0,1,1,0,0,0,0,0,0,0,0,0.0,0.0,820,2
0,0,1,0,0,0,0,0,0,0,0,0,0.0,0.0,821,2
0,0,1,0,0,0,0,0,0,0,0,0,1.6094986352788734,0.6153942662021781,822,2
0,0,1,0,0,0,0,0,0,0,0,0,0.6153942662021781,0.0,823,2
0,0,1,0,0,0,0,0,0,0,0,0,0.0,0.0,824,2
0,0,1,0,1,0,0,0,0,0,0,0,0.0,0.0,825,2
